--Remove report layout
DELETE FROM TREPORTLAYOUT;
UPDATE TWORKITEM SET SUPERIORWORKITEM=NULL WHERE SUPERIORWORKITEM=0;

ALTER TABLE TCATEGORY ADD SYMBOL VARCHAR2(255);

ALTER TABLE TPERSON MODIFY (LOGINNAME varchar(60));

ALTER TABLE TWORKITEM ADD TASKISMILESTONE CHAR(1) default 'N';
ALTER TABLE TWORKITEM ADD TASKISSUBPROJECT CHAR(1) default 'N';
ALTER TABLE TWORKITEM ADD TASKISSUMMARY CHAR(1) default 'N';
ALTER TABLE TWORKITEM ADD TASKCONSTRAINT NUMBER(10,0);
ALTER TABLE TWORKITEM ADD TASKCONSTRAINTDATE TIMESTAMP;
ALTER TABLE TWORKITEM ADD PSPCODE VARCHAR2(255);

-----------------------------------------------------------------------------
-- TCOMPUTEDVALUES
-----------------------------------------------------------------------------
--DROP TABLE TCOMPUTEDVALUES CASCADE CONSTRAINTS;

CREATE TABLE TCOMPUTEDVALUES
(
    PKEY NUMBER(10,0) NOT NULL,
    WORKITEMKEY NUMBER(10,0) NOT NULL,
    EFFORTTYPE NUMBER(10,0) NOT NULL,
    COMPUTEDVALUETYPE NUMBER(10,0) NOT NULL,
    COMPUTEDVALUE FLOAT NOT NULL
);

ALTER TABLE TCOMPUTEDVALUES
    ADD CONSTRAINT TCOMPUTEDVALUES_PK
PRIMARY KEY (PKEY);

ALTER TABLE TPRIVATEREPORTREPOSITORY ADD MENUITEM CHAR(1) default 'N';

ALTER TABLE TCOST ADD EFFORTTYPE NUMBER(10,0);
ALTER TABLE TCOST ADD EFFORTVALUE FLOAT;
ALTER TABLE TCOST ADD EFFORTDATE TIMESTAMP;
ALTER TABLE TCOST ADD INVOICENUMBER VARCHAR2(255);
ALTER TABLE TCOST ADD INVOICEDATE TIMESTAMP;
ALTER TABLE TCOST ADD INVOICEPATH VARCHAR2(255);


-----------------------------------------------------------------------------
-- TEFFORTTYPE
-----------------------------------------------------------------------------
--DROP TABLE TEFFORTTYPE CASCADE CONSTRAINTS;

CREATE TABLE TEFFORTTYPE
(
    OBJECTID NUMBER(10,0) NOT NULL,
    LABEL VARCHAR2(255) NOT NULL,
    EFFORTUNIT NUMBER(10,0),
    DESCRIPTION VARCHAR2(255)
);

ALTER TABLE TEFFORTTYPE
    ADD CONSTRAINT TEFFORTTYPE_PK
PRIMARY KEY (OBJECTID);

-----------------------------------------------------------------------------
-- TEFFORTUNIT
-----------------------------------------------------------------------------
--DROP TABLE TEFFORTUNIT CASCADE CONSTRAINTS;

CREATE TABLE TEFFORTUNIT
(
    OBJECTID NUMBER(10,0) NOT NULL,
    LABEL VARCHAR2(255) NOT NULL,
    DESCRIPTION VARCHAR2(255)
);

ALTER TABLE TEFFORTUNIT
    ADD CONSTRAINT TEFFORTUNIT_PK
PRIMARY KEY (OBJECTID);


ALTER TABLE TSITE ADD RECEIVINGPROTOCOL VARCHAR2(6);
ALTER TABLE TSITE MODIFY (LDAPATTRIBUTELOGINNAME VARCHAR2(30));

ALTER TABLE TBUDGET ADD EFFORTTYPE NUMBER(10,0);
ALTER TABLE TBUDGET ADD EFFORTVALUE FLOAT;

ALTER TABLE TACTUALESTIMATEDBUDGET ADD EFFORTTYPE NUMBER(10,0);
ALTER TABLE TACTUALESTIMATEDBUDGET ADD EFFORTVALUE FLOAT;


-----------------------------------------------------------------------------
-- TDASHBOARDSCREEN
-----------------------------------------------------------------------------
--DROP TABLE TDASHBOARDSCREEN CASCADE CONSTRAINTS;

CREATE TABLE TDASHBOARDSCREEN
(
    OBJECTID NUMBER(10,0) NOT NULL,
    NAME VARCHAR2(255) NOT NULL,
    LABEL VARCHAR2(255),
    PERSONPKEY NUMBER(10,0) NOT NULL,
    DESCRIPTION VARCHAR2(4000)
);

ALTER TABLE TDASHBOARDSCREEN
    ADD CONSTRAINT TDASHBOARDSCREEN_PK
PRIMARY KEY (OBJECTID);






-----------------------------------------------------------------------------
-- TDASHBOARDTAB
-----------------------------------------------------------------------------
--DROP TABLE TDASHBOARDTAB CASCADE CONSTRAINTS;

CREATE TABLE TDASHBOARDTAB
(
    OBJECTID NUMBER(10,0) NOT NULL,
    NAME VARCHAR2(255) NOT NULL,
    LABEL VARCHAR2(255),
    DESCRIPTION VARCHAR2(4000),
    SORTORDER NUMBER(10,0),
    PARENT NUMBER(10,0) NOT NULL
);

ALTER TABLE TDASHBOARDTAB
    ADD CONSTRAINT TDASHBOARDTAB_PK
PRIMARY KEY (OBJECTID);






-----------------------------------------------------------------------------
-- TDASHBOARDPANEL
-----------------------------------------------------------------------------
--DROP TABLE TDASHBOARDPANEL CASCADE CONSTRAINTS;

CREATE TABLE TDASHBOARDPANEL
(
    OBJECTID NUMBER(10,0) NOT NULL,
    NAME VARCHAR2(255) NOT NULL,
    LABEL VARCHAR2(255),
    DESCRIPTION VARCHAR2(4000),
    SORTORDER NUMBER(10,0),
    ROWSNO NUMBER(10,0) NOT NULL,
    COLSNO NUMBER(10,0) NOT NULL,
    PARENT NUMBER(10,0) NOT NULL
);

ALTER TABLE TDASHBOARDPANEL
    ADD CONSTRAINT TDASHBOARDPANEL_PK
PRIMARY KEY (OBJECTID);






-----------------------------------------------------------------------------
-- TDASHBOARDFIELD
-----------------------------------------------------------------------------
--DROP TABLE TDASHBOARDFIELD CASCADE CONSTRAINTS;

CREATE TABLE TDASHBOARDFIELD
(
    OBJECTID NUMBER(10,0) NOT NULL,
    NAME VARCHAR2(255) NOT NULL,
    DESCRIPTION VARCHAR2(4000),
    SORTORDER NUMBER(10,0),
    COLINDEX NUMBER(10,0),
    ROWINDEX NUMBER(10,0),
    COLSPAN NUMBER(10,0),
    ROWSPAN NUMBER(10,0),
    PARENT NUMBER(10,0) NOT NULL,
    DASHBOARDID VARCHAR2(4000) NOT NULL,
    THEDESCRIPTION VARCHAR2(4000)
);

ALTER TABLE TDASHBOARDFIELD
    ADD CONSTRAINT TDASHBOARDFIELD_PK
PRIMARY KEY (OBJECTID);






-----------------------------------------------------------------------------
-- TDASHBOARDPARAMETER
-----------------------------------------------------------------------------
--DROP TABLE TDASHBOARDPARAMETER CASCADE CONSTRAINTS;

CREATE TABLE TDASHBOARDPARAMETER
(
    OBJECTID NUMBER(10,0) NOT NULL,
    NAME VARCHAR2(255) NOT NULL,
    PARAMVALUE VARCHAR2(4000),
    DASHBOARDFIELD NUMBER(10,0) NOT NULL
);

ALTER TABLE TDASHBOARDPARAMETER
    ADD CONSTRAINT TDASHBOARDPARAMETER_PK
PRIMARY KEY (OBJECTID);






-----------------------------------------------------------------------------
-- TVERSIONCONTROLPARAMETER
-----------------------------------------------------------------------------
--DROP TABLE TVERSIONCONTROLPARAMETER CASCADE CONSTRAINTS;

CREATE TABLE TVERSIONCONTROLPARAMETER
(
    OBJECTID NUMBER(10,0) NOT NULL,
    NAME VARCHAR2(255) NOT NULL,
    PARAMVALUE VARCHAR2(4000),
    PROJECT NUMBER(10,0) NOT NULL
);

ALTER TABLE TVERSIONCONTROLPARAMETER
    ADD CONSTRAINT TVERSIONCONTROLPARAMETER_PK
PRIMARY KEY (OBJECTID);






-----------------------------------------------------------------------------
-- TFIELD
-----------------------------------------------------------------------------
--DROP TABLE TFIELD CASCADE CONSTRAINTS;

CREATE TABLE TFIELD
(
    OBJECTID NUMBER(10,0) NOT NULL,
    NAME VARCHAR2(255) NOT NULL,
    FIELDTYPE VARCHAR2(255) NOT NULL,
    DEPRECATED CHAR(1) default 'N',
    ISCUSTOM CHAR(1) default 'Y' NOT NULL,
    REQUIRED CHAR(1) default 'N' NOT NULL,
    DESCRIPTION VARCHAR2(4000),
    OWNER NUMBER(10,0)
);

ALTER TABLE TFIELD
    ADD CONSTRAINT TFIELD_PK
PRIMARY KEY (OBJECTID);






-----------------------------------------------------------------------------
-- TFIELDCONFIG
-----------------------------------------------------------------------------
--DROP TABLE TFIELDCONFIG CASCADE CONSTRAINTS;

CREATE TABLE TFIELDCONFIG
(
    OBJECTID NUMBER(10,0) NOT NULL,
    FIELDKEY NUMBER(10,0) NOT NULL,
    LABEL VARCHAR2(255) NOT NULL,
    TOOLTIP VARCHAR2(255),
    REQUIRED CHAR(1) default 'N' NOT NULL,
    HISTORY CHAR(1) default 'N' NOT NULL,
    ISSUETYPE NUMBER(10,0),
    PROJECTTYPE NUMBER(10,0),
    PROJECT NUMBER(10,0),
    DESCRIPTION VARCHAR2(4000)
);

ALTER TABLE TFIELDCONFIG
    ADD CONSTRAINT TFIELDCONFIG_PK
PRIMARY KEY (OBJECTID);






-----------------------------------------------------------------------------
-- TROLEFIELD
-----------------------------------------------------------------------------
--DROP TABLE TROLEFIELD CASCADE CONSTRAINTS;

CREATE TABLE TROLEFIELD
(
    OBJECTID NUMBER(10,0) NOT NULL,
    ROLEKEY NUMBER(10,0) NOT NULL,
    FIELDKEY NUMBER(10,0) NOT NULL,
    ACCESSRIGHT NUMBER(10,0)
);

ALTER TABLE TROLEFIELD
    ADD CONSTRAINT TROLEFIELD_PK
PRIMARY KEY (OBJECTID);






-----------------------------------------------------------------------------
-- TCONFIGOPTIONSROLE
-----------------------------------------------------------------------------
--DROP TABLE TCONFIGOPTIONSROLE CASCADE CONSTRAINTS;

CREATE TABLE TCONFIGOPTIONSROLE
(
    OBJECTID NUMBER(10,0) NOT NULL,
    CONFIGKEY NUMBER(10,0) NOT NULL,
    ROLEKEY NUMBER(10,0) NOT NULL,
    OPTIONKEY NUMBER(10,0) NOT NULL
);

ALTER TABLE TCONFIGOPTIONSROLE
    ADD CONSTRAINT TCONFIGOPTIONSROLE_PK
PRIMARY KEY (OBJECTID);






-----------------------------------------------------------------------------
-- TTEXTBOXSETTINGS
-----------------------------------------------------------------------------
--DROP TABLE TTEXTBOXSETTINGS CASCADE CONSTRAINTS;

CREATE TABLE TTEXTBOXSETTINGS
(
    OBJECTID NUMBER(10,0) NOT NULL,
    CONFIG NUMBER(10,0) NOT NULL,
    REQUIRED VARCHAR2(1) default 'N' NOT NULL,
    DEFAULTTEXT VARCHAR2(255),
    DEFAULTINTEGER NUMBER(10,0),
    DEFAULTDOUBLE FLOAT,
    DEFAULTDATE TIMESTAMP,
    DEFAULTCHAR CHAR(1),
    DEFAULTOPTION NUMBER(10,0),
    MINOPTION NUMBER(10,0),
    MAXOPTION NUMBER(10,0),
    MINTEXTLENGTH NUMBER(10,0),
    MAXTEXTLENGTH NUMBER(10,0),
    MINDATE TIMESTAMP,
    MAXDATE TIMESTAMP,
    MININTEGER NUMBER(10,0),
    MAXINTEGER NUMBER(10,0),
    MINDOUBLE FLOAT,
    MAXDOUBLE FLOAT,
    MAXDECIMALDIGIT NUMBER(10,0),
    PARAMETERCODE NUMBER(10,0),
    VALIDVALUE NUMBER(10,0)
);

ALTER TABLE TTEXTBOXSETTINGS
    ADD CONSTRAINT TTEXTBOXSETTINGS_PK
PRIMARY KEY (OBJECTID);






-----------------------------------------------------------------------------
-- TGENERALSETTINGS
-----------------------------------------------------------------------------
--DROP TABLE TGENERALSETTINGS CASCADE CONSTRAINTS;

CREATE TABLE TGENERALSETTINGS
(
    OBJECTID NUMBER(10,0) NOT NULL,
    CONFIG NUMBER(10,0) NOT NULL,
    INTEGERVALUE NUMBER(10,0),
    DOUBLEVALUE FLOAT,
    TEXTVALUE VARCHAR2(255),
    DATEVALUE TIMESTAMP,
    CHARACTERVALUE CHAR(1),
    PARAMETERCODE NUMBER(10,0),
    VALIDVALUE NUMBER(10,0)
);

ALTER TABLE TGENERALSETTINGS
    ADD CONSTRAINT TGENERALSETTINGS_PK
PRIMARY KEY (OBJECTID);






-----------------------------------------------------------------------------
-- TLIST
-----------------------------------------------------------------------------
--DROP TABLE TLIST CASCADE CONSTRAINTS;

CREATE TABLE TLIST
(
    OBJECTID NUMBER(10,0) NOT NULL,
    NAME VARCHAR2(255) NOT NULL,
    DESCRIPTION VARCHAR2(4000),
    PARENTLIST NUMBER(10,0),
    LISTTYPE NUMBER(10,0),
    CHILDNUMBER NUMBER(10,0),
    DELETED CHAR(1) default 'N',
	REPOSITORYTYPE NUMBER(10,0),
    PROJECT NUMBER(10,0),
    OWNER NUMBER(10,0)
);

ALTER TABLE TLIST
    ADD CONSTRAINT TLIST_PK
PRIMARY KEY (OBJECTID);






-----------------------------------------------------------------------------
-- TOPTION
-----------------------------------------------------------------------------
--DROP TABLE TOPTION CASCADE CONSTRAINTS;

CREATE TABLE TOPTION
(
    OBJECTID NUMBER(10,0) NOT NULL,
    LIST NUMBER(10,0) NOT NULL,
    LABEL VARCHAR2(255) NOT NULL,
    PARENTOPTION NUMBER(10,0),
    SORTORDER NUMBER(10,0),
    ISDEFAULT CHAR(1) default 'N' NOT NULL,
    DELETED CHAR(1) default 'N'
);

ALTER TABLE TOPTION
    ADD CONSTRAINT TOPTION_PK
PRIMARY KEY (OBJECTID);






-----------------------------------------------------------------------------
-- TOPTIONSETTINGS
-----------------------------------------------------------------------------
--DROP TABLE TOPTIONSETTINGS CASCADE CONSTRAINTS;

CREATE TABLE TOPTIONSETTINGS
(
    OBJECTID NUMBER(10,0) NOT NULL,
    LIST NUMBER(10,0) NOT NULL,
    CONFIG NUMBER(10,0) NOT NULL,
    PARAMETERCODE NUMBER(10,0),
    MULTIPLE CHAR(1) default 'N'
);

ALTER TABLE TOPTIONSETTINGS
    ADD CONSTRAINT TOPTIONSETTINGS_PK
PRIMARY KEY (OBJECTID);






-----------------------------------------------------------------------------
-- TATTRIBUTEVALUE
-----------------------------------------------------------------------------
--DROP TABLE TATTRIBUTEVALUE CASCADE CONSTRAINTS;

CREATE TABLE TATTRIBUTEVALUE
(
    OBJECTID NUMBER(10,0) NOT NULL,
    FIELDKEY NUMBER(10,0) NOT NULL,
    WORKITEM NUMBER(10,0) NOT NULL,
    TEXTVALUE VARCHAR2(255),
    INTEGERVALUE NUMBER(10,0),
    DOUBLEVALUE FLOAT,
    DATEVALUE TIMESTAMP,
    CHARACTERVALUE CHAR(1),
    LONGTEXTVALUE VARCHAR2(4000),
    SYSTEMOPTIONID NUMBER(10,0),
    SYSTEMOPTIONTYPE NUMBER(10,0),
    CUSTOMOPTIONID NUMBER(10,0),
    PARAMETERCODE NUMBER(10,0),
    VALIDVALUE NUMBER(10,0),
    LASTEDIT TIMESTAMP
);

ALTER TABLE TATTRIBUTEVALUE
    ADD CONSTRAINT TATTRIBUTEVALUE_PK
PRIMARY KEY (OBJECTID);






-----------------------------------------------------------------------------
-- TSCREEN
-----------------------------------------------------------------------------
--DROP TABLE TSCREEN CASCADE CONSTRAINTS;

CREATE TABLE TSCREEN
(
    OBJECTID NUMBER(10,0) NOT NULL,
    NAME VARCHAR2(255) NOT NULL,
    LABEL VARCHAR2(255),
    DESCRIPTION VARCHAR2(4000),
    OWNER NUMBER(10,0)
);

ALTER TABLE TSCREEN
    ADD CONSTRAINT TSCREEN_PK
PRIMARY KEY (OBJECTID);






-----------------------------------------------------------------------------
-- TSCREENTAB
-----------------------------------------------------------------------------
--DROP TABLE TSCREENTAB CASCADE CONSTRAINTS;

CREATE TABLE TSCREENTAB
(
    OBJECTID NUMBER(10,0) NOT NULL,
    NAME VARCHAR2(255) NOT NULL,
    LABEL VARCHAR2(255),
    DESCRIPTION VARCHAR2(4000),
    SORTORDER NUMBER(10,0),
    PARENT NUMBER(10,0) NOT NULL
);

ALTER TABLE TSCREENTAB
    ADD CONSTRAINT TSCREENTAB_PK
PRIMARY KEY (OBJECTID);






-----------------------------------------------------------------------------
-- TSCREENPANEL
-----------------------------------------------------------------------------
--DROP TABLE TSCREENPANEL CASCADE CONSTRAINTS;

CREATE TABLE TSCREENPANEL
(
    OBJECTID NUMBER(10,0) NOT NULL,
    NAME VARCHAR2(255) NOT NULL,
    LABEL VARCHAR2(255),
    DESCRIPTION VARCHAR2(4000),
    SORTORDER NUMBER(10,0),
    ROWSNO NUMBER(10,0) NOT NULL,
    COLSNO NUMBER(10,0) NOT NULL,
    PARENT NUMBER(10,0) NOT NULL
);

ALTER TABLE TSCREENPANEL
    ADD CONSTRAINT TSCREENPANEL_PK
PRIMARY KEY (OBJECTID);






-----------------------------------------------------------------------------
-- TSCREENFIELD
-----------------------------------------------------------------------------
--DROP TABLE TSCREENFIELD CASCADE CONSTRAINTS;

CREATE TABLE TSCREENFIELD
(
    OBJECTID NUMBER(10,0) NOT NULL,
    NAME VARCHAR2(255) NOT NULL,
    DESCRIPTION VARCHAR2(4000),
    SORTORDER NUMBER(10,0),
    COLINDEX NUMBER(10,0),
    ROWINDEX NUMBER(10,0),
    COLSPAN NUMBER(10,0),
    ROWSPAN NUMBER(10,0),
    LABELHALIGN NUMBER(10,0) NOT NULL,
    LABELVALIGN NUMBER(10,0) NOT NULL,
    VALUEHALIGN NUMBER(10,0) NOT NULL,
    VALUEVALIGN NUMBER(10,0) NOT NULL,
    ISEMPTY CHAR(1) default 'N' NOT NULL,
    PARENT NUMBER(10,0) NOT NULL,
    FIELDKEY NUMBER(10,0)
);

ALTER TABLE TSCREENFIELD
    ADD CONSTRAINT TSCREENFIELD_PK
PRIMARY KEY (OBJECTID);






-----------------------------------------------------------------------------
-- TACTION
-----------------------------------------------------------------------------
--DROP TABLE TACTION CASCADE CONSTRAINTS;

CREATE TABLE TACTION
(
    OBJECTID NUMBER(10,0) NOT NULL,
    NAME VARCHAR2(255) NOT NULL,
    LABEL VARCHAR2(255),
    DESCRIPTION VARCHAR2(4000)
);

ALTER TABLE TACTION
    ADD CONSTRAINT TACTION_PK
PRIMARY KEY (OBJECTID);






-----------------------------------------------------------------------------
-- TSCREENCONFIG
-----------------------------------------------------------------------------
--DROP TABLE TSCREENCONFIG CASCADE CONSTRAINTS;

CREATE TABLE TSCREENCONFIG
(
    OBJECTID NUMBER(10,0) NOT NULL,
    NAME VARCHAR2(255),
    DESCRIPTION VARCHAR2(4000),
    SCREEN NUMBER(10,0),
    ISSUETYPE NUMBER(10,0),
    PROJECTTYPE NUMBER(10,0),
    PROJECT NUMBER(10,0),
    ACTIONKEY NUMBER(10,0) NOT NULL
);

ALTER TABLE TSCREENCONFIG
    ADD CONSTRAINT TSCREENCONFIG_PK
PRIMARY KEY (OBJECTID);






-----------------------------------------------------------------------------
-- TINITSTATE
-----------------------------------------------------------------------------
--DROP TABLE TINITSTATE CASCADE CONSTRAINTS;

CREATE TABLE TINITSTATE
(
    OBJECTID NUMBER(10,0) NOT NULL,
    PROJECT NUMBER(10,0) NOT NULL,
    LISTTYPE NUMBER(10,0) NOT NULL,
    STATEKEY NUMBER(10,0) NOT NULL
);

ALTER TABLE TINITSTATE
    ADD CONSTRAINT TINITSTATE_PK
PRIMARY KEY (OBJECTID);






-----------------------------------------------------------------------------
-- TEVENT
-----------------------------------------------------------------------------
--DROP TABLE TEVENT CASCADE CONSTRAINTS;

CREATE TABLE TEVENT
(
    OBJECTID NUMBER(10,0) NOT NULL,
    EVENTNAME VARCHAR2(255),
    EVENTTYPE NUMBER(10,0) NOT NULL,
    PROJECTTYPE NUMBER(10,0),
    PROJECT NUMBER(10,0),
    EVENTSCRIPT NUMBER(10,0) NOT NULL
);

ALTER TABLE TEVENT
    ADD CONSTRAINT TEVENT_PK
PRIMARY KEY (OBJECTID);






-----------------------------------------------------------------------------
-- TCLOB
-----------------------------------------------------------------------------
--DROP TABLE TCLOB CASCADE CONSTRAINTS;

CREATE TABLE TCLOB
(
    OBJECTID NUMBER(10,0) NOT NULL,
    CLOBVALUE CLOB
);

ALTER TABLE TCLOB
    ADD CONSTRAINT TCLOB_PK
PRIMARY KEY (OBJECTID);






-----------------------------------------------------------------------------
-- TNOTIFYFIELD
-----------------------------------------------------------------------------
--DROP TABLE TNOTIFYFIELD CASCADE CONSTRAINTS;

CREATE TABLE TNOTIFYFIELD
(
    OBJECTID NUMBER(10,0) NOT NULL,
    FIELD NUMBER(10,0),
    ACTIONTYPE NUMBER(10,0) NOT NULL,
    FIELDTYPE NUMBER(10,0),
    NOTIFYTRIGGER NUMBER(10,0) NOT NULL,
    ORIGINATOR CHAR(1) default 'N',
    MANAGER CHAR(1) default 'N',
    RESPONSIBLE CHAR(1) default 'N',
    CONSULTANT CHAR(1) default 'N',
    INFORMANT CHAR(1) default 'N',
    OBSERVER CHAR(1) default 'N'
);

ALTER TABLE TNOTIFYFIELD
    ADD CONSTRAINT TNOTIFYFIELD_PK
PRIMARY KEY (OBJECTID);






-----------------------------------------------------------------------------
-- TNOTIFYTRIGGER
-----------------------------------------------------------------------------
--DROP TABLE TNOTIFYTRIGGER CASCADE CONSTRAINTS;

CREATE TABLE TNOTIFYTRIGGER
(
    OBJECTID NUMBER(10,0) NOT NULL,
    LABEL VARCHAR2(255),
    PERSON NUMBER(10,0),
    ISSYSTEM CHAR(1) default 'N'
);

ALTER TABLE TNOTIFYTRIGGER
    ADD CONSTRAINT TNOTIFYTRIGGER_PK
PRIMARY KEY (OBJECTID);






-----------------------------------------------------------------------------
-- TNOTIFYSETTINGS
-----------------------------------------------------------------------------
--DROP TABLE TNOTIFYSETTINGS CASCADE CONSTRAINTS;

CREATE TABLE TNOTIFYSETTINGS
(
    OBJECTID NUMBER(10,0) NOT NULL,
    PERSON NUMBER(10,0),
    PROJECT NUMBER(10,0),
    NOTIFYTRIGGER NUMBER(10,0),
    NOTIFYFILTER NUMBER(10,0)
);

ALTER TABLE TNOTIFYSETTINGS
    ADD CONSTRAINT TNOTIFYSETTINGS_PK
PRIMARY KEY (OBJECTID);






-----------------------------------------------------------------------------
-- TQUERYREPOSITORY
-----------------------------------------------------------------------------
--DROP TABLE TQUERYREPOSITORY CASCADE CONSTRAINTS;

CREATE TABLE TQUERYREPOSITORY
(
    OBJECTID NUMBER(10,0) NOT NULL,
    PERSON NUMBER(10,0),
    PROJECT NUMBER(10,0),
    LABEL VARCHAR2(100),
    QUERYTYPE NUMBER(10,0) NOT NULL,
    REPOSITORYTYPE NUMBER(10,0) NOT NULL,
    QUERYKEY NUMBER(10,0) NOT NULL,
    MENUITEM CHAR(1) default 'N'
);

ALTER TABLE TQUERYREPOSITORY
    ADD CONSTRAINT TQUERYREPOSITORY_PK
PRIMARY KEY (OBJECTID);






-----------------------------------------------------------------------------
-- TLOCALIZEDRESOURCES
-----------------------------------------------------------------------------
--DROP TABLE TLOCALIZEDRESOURCES CASCADE CONSTRAINTS;

CREATE TABLE TLOCALIZEDRESOURCES
(
    OBJECTID NUMBER(10,0) NOT NULL,
    TABLENAME VARCHAR2(255) NOT NULL,
    PRIMARYKEYVALUE NUMBER(10,0) NOT NULL,
    FIELDNAME VARCHAR2(255) NOT NULL,
    LOCALIZEDTEXT VARCHAR2(255) NOT NULL,
    LOCALE VARCHAR2(20) NOT NULL
);

ALTER TABLE TLOCALIZEDRESOURCES
    ADD CONSTRAINT TLOCALIZEDRESOURCES_PK
PRIMARY KEY (OBJECTID);






-----------------------------------------------------------------------------
-- TWORKITEMLINK
-----------------------------------------------------------------------------
--DROP TABLE TWORKITEMLINK CASCADE CONSTRAINTS;

CREATE TABLE TWORKITEMLINK
(
    OBJECTID NUMBER(10,0) NOT NULL,
    LINKISCROSSPROJECT CHAR(1) default 'N' NOT NULL,
    LINKPRED NUMBER(10,0) NOT NULL,
    LINKSUCC NUMBER(10,0) NOT NULL,
    LINKTYPE NUMBER(10,0) NOT NULL,
    LINKLAG NUMBER(10,0),
    LINKLAGFORMAT NUMBER(10,0)
);

ALTER TABLE TWORKITEMLINK
    ADD CONSTRAINT TWORKITEMLINK_PK
PRIMARY KEY (OBJECTID);






-----------------------------------------------------------------------------
-- TLOGGINGLEVEL
-----------------------------------------------------------------------------
--DROP TABLE TLOGGINGLEVEL CASCADE CONSTRAINTS;

CREATE TABLE TLOGGINGLEVEL
(
    OBJECTID NUMBER(10,0) NOT NULL,
    THECLASSNAME VARCHAR2(255) NOT NULL,
    LOGLEVEL VARCHAR2(10) NOT NULL
);

ALTER TABLE TLOGGINGLEVEL
    ADD CONSTRAINT TLOGGINGLEVEL_PK
PRIMARY KEY (OBJECTID);






-----------------------------------------------------------------------------
-- TWORKITEMLOCK
-----------------------------------------------------------------------------
--DROP TABLE TWORKITEMLOCK CASCADE CONSTRAINTS;

CREATE TABLE TWORKITEMLOCK
(
    WORKITEM NUMBER(10,0) NOT NULL,
    PERSON NUMBER(10,0) NOT NULL,
    HTTPSESSION VARCHAR2(255) NOT NULL
);

ALTER TABLE TWORKITEMLOCK
    ADD CONSTRAINT TWORKITEMLOCK_PK
PRIMARY KEY (WORKITEM);






-----------------------------------------------------------------------------
-- TEXPORTTEMPLATE
-----------------------------------------------------------------------------
--DROP TABLE TEXPORTTEMPLATE CASCADE CONSTRAINTS;

CREATE TABLE TEXPORTTEMPLATE
(
    OBJECTID NUMBER(10,0) NOT NULL,
    NAME VARCHAR2(255) NOT NULL,
    REPORTTYPE VARCHAR2(255) NOT NULL,
    EXPORTFORMAT VARCHAR2(255) NOT NULL,
    REPOSITORYTYPE NUMBER(10,0) NOT NULL,
    DESCRIPTION VARCHAR2(4000),
    PROJECT NUMBER(10,0),
    PERSON NUMBER(10,0) NOT NULL
);

ALTER TABLE TEXPORTTEMPLATE
    ADD CONSTRAINT TEXPORTTEMPLATE_PK
PRIMARY KEY (OBJECTID);






-----------------------------------------------------------------------------
-- TEMAILPROCESSED
-----------------------------------------------------------------------------
--DROP TABLE TEMAILPROCESSED CASCADE CONSTRAINTS;

CREATE TABLE TEMAILPROCESSED
(
    OBJECTID NUMBER(10,0) NOT NULL,
    PROCESSEDDATE TIMESTAMP NOT NULL,
    MESSAGEUID VARCHAR2(255) NOT NULL,
    RECEIVEDAT VARCHAR2(255) NOT NULL
);

ALTER TABLE TEMAILPROCESSED
    ADD CONSTRAINT TEMAILPROCESSED_PK
PRIMARY KEY (OBJECTID);

ALTER TABLE TCOMPUTEDVALUES
    ADD CONSTRAINT TCOMPUTEDVALUES_FK_1 FOREIGN KEY (WORKITEMKEY)
    REFERENCES TWORKITEM (WORKITEMKEY)
;

ALTER TABLE TCOMPUTEDVALUES
    ADD CONSTRAINT TCOMPUTEDVALUES_FK_2 FOREIGN KEY (EFFORTTYPE)
    REFERENCES TEFFORTTYPE (OBJECTID)
;

ALTER TABLE TCOST
    ADD CONSTRAINT TCOST_FK_4 FOREIGN KEY (EFFORTTYPE)
    REFERENCES TEFFORTTYPE (OBJECTID)
;



ALTER TABLE TEFFORTTYPE
    ADD CONSTRAINT TEFFORTTYPE_FK_1 FOREIGN KEY (EFFORTUNIT)
    REFERENCES TEFFORTUNIT (OBJECTID)
;

ALTER TABLE TREPORTLAYOUT DROP CONSTRAINT TREPORTLAYOUT_FK_4;
ALTER TABLE TREPORTLAYOUT
    ADD CONSTRAINT TREPORTLAYOUT_FK_4 FOREIGN KEY (REPORTFIELD)
    REFERENCES TFIELD (OBJECTID)
;

ALTER TABLE TDASHBOARDSCREEN
    ADD CONSTRAINT TDASHBOARDSCREEN_FK_1 FOREIGN KEY (PERSONPKEY)
    REFERENCES TPERSON (PKEY)
;



ALTER TABLE TDASHBOARDTAB
    ADD CONSTRAINT TDASHBOARDTAB_FK_1 FOREIGN KEY (PARENT)
    REFERENCES TDASHBOARDSCREEN (OBJECTID)
;



ALTER TABLE TDASHBOARDPANEL
    ADD CONSTRAINT TDASHBOARDPANEL_FK_1 FOREIGN KEY (PARENT)
    REFERENCES TDASHBOARDTAB (OBJECTID)
;



ALTER TABLE TDASHBOARDFIELD
    ADD CONSTRAINT TDASHBOARDFIELD_FK_1 FOREIGN KEY (PARENT)
    REFERENCES TDASHBOARDPANEL (OBJECTID)
;



ALTER TABLE TDASHBOARDPARAMETER
    ADD CONSTRAINT TDASHBOARDPARAMETER_FK_1 FOREIGN KEY (DASHBOARDFIELD)
    REFERENCES TDASHBOARDFIELD (OBJECTID)
;



ALTER TABLE TVERSIONCONTROLPARAMETER
    ADD CONSTRAINT TVERSIONCONTROLPARAMETER_FK_1 FOREIGN KEY (PROJECT)
    REFERENCES TPROJECT (PKEY)
;



ALTER TABLE TFIELD
    ADD CONSTRAINT TFIELD_FK_1 FOREIGN KEY (OWNER)
    REFERENCES TPERSON (PKEY)
;



ALTER TABLE TFIELDCONFIG
    ADD CONSTRAINT TFIELDCONFIG_FK_1 FOREIGN KEY (FIELDKEY)
    REFERENCES TFIELD (OBJECTID)
;

ALTER TABLE TFIELDCONFIG
    ADD CONSTRAINT TFIELDCONFIG_FK_2 FOREIGN KEY (ISSUETYPE)
    REFERENCES TCATEGORY (PKEY)
;

ALTER TABLE TFIELDCONFIG
    ADD CONSTRAINT TFIELDCONFIG_FK_3 FOREIGN KEY (PROJECTTYPE)
    REFERENCES TPROJECTTYPE (OBJECTID)
;

ALTER TABLE TFIELDCONFIG
    ADD CONSTRAINT TFIELDCONFIG_FK_4 FOREIGN KEY (PROJECT)
    REFERENCES TPROJECT (PKEY)
;



ALTER TABLE TROLEFIELD
    ADD CONSTRAINT TROLEFIELD_FK_1 FOREIGN KEY (ROLEKEY)
    REFERENCES TROLE (PKEY)
;

ALTER TABLE TROLEFIELD
    ADD CONSTRAINT TROLEFIELD_FK_2 FOREIGN KEY (FIELDKEY)
    REFERENCES TFIELD (OBJECTID)
;



ALTER TABLE TCONFIGOPTIONSROLE
    ADD CONSTRAINT TCONFIGOPTIONSROLE_FK_1 FOREIGN KEY (CONFIGKEY)
    REFERENCES TFIELDCONFIG (OBJECTID)
;

ALTER TABLE TCONFIGOPTIONSROLE
    ADD CONSTRAINT TCONFIGOPTIONSROLE_FK_2 FOREIGN KEY (ROLEKEY)
    REFERENCES TROLE (PKEY)
;

ALTER TABLE TCONFIGOPTIONSROLE
    ADD CONSTRAINT TCONFIGOPTIONSROLE_FK_3 FOREIGN KEY (OPTIONKEY)
    REFERENCES TOPTION (OBJECTID)
;



ALTER TABLE TTEXTBOXSETTINGS
    ADD CONSTRAINT TTEXTBOXSETTINGS_FK_1 FOREIGN KEY (CONFIG)
    REFERENCES TFIELDCONFIG (OBJECTID)
;



ALTER TABLE TGENERALSETTINGS
    ADD CONSTRAINT TGENERALSETTINGS_FK_1 FOREIGN KEY (CONFIG)
    REFERENCES TFIELDCONFIG (OBJECTID)
;



ALTER TABLE TLIST
    ADD CONSTRAINT TLIST_FK_1 FOREIGN KEY (PARENTLIST)
    REFERENCES TLIST (OBJECTID)
;

ALTER TABLE TLIST
    ADD CONSTRAINT TLIST_FK_2 FOREIGN KEY (PROJECT)
    REFERENCES TPROJECT (PKEY);

ALTER TABLE TLIST
    ADD CONSTRAINT TLIST_FK_3 FOREIGN KEY (OWNER)
    REFERENCES TPERSON (PKEY);

ALTER TABLE TOPTION
    ADD CONSTRAINT TOPTION_FK_1 FOREIGN KEY (LIST)
    REFERENCES TLIST (OBJECTID)
;



ALTER TABLE TOPTIONSETTINGS
    ADD CONSTRAINT TOPTIONSETTINGS_FK_1 FOREIGN KEY (LIST)
    REFERENCES TLIST (OBJECTID)
;

ALTER TABLE TOPTIONSETTINGS
    ADD CONSTRAINT TOPTIONSETTINGS_FK_2 FOREIGN KEY (CONFIG)
    REFERENCES TFIELDCONFIG (OBJECTID)
;



ALTER TABLE TATTRIBUTEVALUE
    ADD CONSTRAINT TATTRIBUTEVALUE_FK_1 FOREIGN KEY (FIELDKEY)
    REFERENCES TFIELD (OBJECTID)
;

ALTER TABLE TATTRIBUTEVALUE
    ADD CONSTRAINT TATTRIBUTEVALUE_FK_2 FOREIGN KEY (WORKITEM)
    REFERENCES TWORKITEM (WORKITEMKEY)
;



ALTER TABLE TSCREEN
    ADD CONSTRAINT TSCREEN_FK_1 FOREIGN KEY (OWNER)
    REFERENCES TPERSON (PKEY)
;



ALTER TABLE TSCREENTAB
    ADD CONSTRAINT TSCREENTAB_FK_1 FOREIGN KEY (PARENT)
    REFERENCES TSCREEN (OBJECTID)
;



ALTER TABLE TSCREENPANEL
    ADD CONSTRAINT TSCREENPANEL_FK_1 FOREIGN KEY (PARENT)
    REFERENCES TSCREENTAB (OBJECTID)
;



ALTER TABLE TSCREENFIELD
    ADD CONSTRAINT TSCREENFIELD_FK_1 FOREIGN KEY (PARENT)
    REFERENCES TSCREENPANEL (OBJECTID)
;

ALTER TABLE TSCREENFIELD
    ADD CONSTRAINT TSCREENFIELD_FK_2 FOREIGN KEY (FIELDKEY)
    REFERENCES TFIELD (OBJECTID)
;





ALTER TABLE TSCREENCONFIG
    ADD CONSTRAINT TSCREENCONFIG_FK_1 FOREIGN KEY (SCREEN)
    REFERENCES TSCREEN (OBJECTID)
;

ALTER TABLE TSCREENCONFIG
    ADD CONSTRAINT TSCREENCONFIG_FK_2 FOREIGN KEY (ISSUETYPE)
    REFERENCES TCATEGORY (PKEY)
;

ALTER TABLE TSCREENCONFIG
    ADD CONSTRAINT TSCREENCONFIG_FK_3 FOREIGN KEY (PROJECTTYPE)
    REFERENCES TPROJECTTYPE (OBJECTID)
;

ALTER TABLE TSCREENCONFIG
    ADD CONSTRAINT TSCREENCONFIG_FK_4 FOREIGN KEY (PROJECT)
    REFERENCES TPROJECT (PKEY)
;

ALTER TABLE TSCREENCONFIG
    ADD CONSTRAINT TSCREENCONFIG_FK_5 FOREIGN KEY (ACTIONKEY)
    REFERENCES TACTION (OBJECTID)
;



ALTER TABLE TINITSTATE
    ADD CONSTRAINT TINITSTATE_FK_1 FOREIGN KEY (PROJECT)
    REFERENCES TPROJECT (PKEY)
;

ALTER TABLE TINITSTATE
    ADD CONSTRAINT TINITSTATE_FK_2 FOREIGN KEY (LISTTYPE)
    REFERENCES TCATEGORY (PKEY)
;

ALTER TABLE TINITSTATE
    ADD CONSTRAINT TINITSTATE_FK_3 FOREIGN KEY (STATEKEY)
    REFERENCES TSTATE (PKEY)
;



ALTER TABLE TEVENT
    ADD CONSTRAINT TEVENT_FK_1 FOREIGN KEY (PROJECTTYPE)
    REFERENCES TPROJECTTYPE (OBJECTID)
;

ALTER TABLE TEVENT
    ADD CONSTRAINT TEVENT_FK_2 FOREIGN KEY (PROJECT)
    REFERENCES TPROJECT (PKEY)
;

ALTER TABLE TEVENT
    ADD CONSTRAINT TEVENT_FK_3 FOREIGN KEY (EVENTSCRIPT)
    REFERENCES TCLOB (OBJECTID)
;





ALTER TABLE TNOTIFYFIELD
    ADD CONSTRAINT TNOTIFYFIELD_FK_1 FOREIGN KEY (NOTIFYTRIGGER)
    REFERENCES TNOTIFYTRIGGER (OBJECTID)
;



ALTER TABLE TNOTIFYTRIGGER
    ADD CONSTRAINT TNOTIFYTRIGGER_FK_1 FOREIGN KEY (PERSON)
    REFERENCES TPERSON (PKEY)
;



ALTER TABLE TNOTIFYSETTINGS
    ADD CONSTRAINT TNOTIFYSETTINGS_FK_1 FOREIGN KEY (PERSON)
    REFERENCES TPERSON (PKEY)
;

ALTER TABLE TNOTIFYSETTINGS
    ADD CONSTRAINT TNOTIFYSETTINGS_FK_2 FOREIGN KEY (PROJECT)
    REFERENCES TPROJECT (PKEY)
;

ALTER TABLE TNOTIFYSETTINGS
    ADD CONSTRAINT TNOTIFYSETTINGS_FK_3 FOREIGN KEY (NOTIFYTRIGGER)
    REFERENCES TNOTIFYTRIGGER (OBJECTID)
;

ALTER TABLE TNOTIFYSETTINGS
    ADD CONSTRAINT TNOTIFYSETTINGS_FK_4 FOREIGN KEY (NOTIFYFILTER)
    REFERENCES TQUERYREPOSITORY (OBJECTID)
;



ALTER TABLE TQUERYREPOSITORY
    ADD CONSTRAINT TQUERYREPOSITORY_FK_1 FOREIGN KEY (PERSON)
    REFERENCES TPERSON (PKEY)
;

ALTER TABLE TQUERYREPOSITORY
    ADD CONSTRAINT TQUERYREPOSITORY_FK_2 FOREIGN KEY (PROJECT)
    REFERENCES TPROJECT (PKEY)
;

ALTER TABLE TQUERYREPOSITORY
    ADD CONSTRAINT TQUERYREPOSITORY_FK_3 FOREIGN KEY (QUERYKEY)
    REFERENCES TCLOB (OBJECTID)
;





ALTER TABLE TWORKITEMLINK
    ADD CONSTRAINT TWORKITEMLINK_FK_1 FOREIGN KEY (LINKPRED)
    REFERENCES TWORKITEM (WORKITEMKEY)
;

ALTER TABLE TWORKITEMLINK
    ADD CONSTRAINT TWORKITEMLINK_FK_2 FOREIGN KEY (LINKSUCC)
    REFERENCES TWORKITEM (WORKITEMKEY)
;





ALTER TABLE TWORKITEMLOCK
    ADD CONSTRAINT TWORKITEMLOCK_FK_1 FOREIGN KEY (WORKITEM)
    REFERENCES TWORKITEM (WORKITEMKEY)
;

ALTER TABLE TWORKITEMLOCK
    ADD CONSTRAINT TWORKITEMLOCK_FK_2 FOREIGN KEY (PERSON)
    REFERENCES TPERSON (PKEY)
;



ALTER TABLE TEXPORTTEMPLATE
    ADD CONSTRAINT TEXPORTTEMPLATE_FK_1 FOREIGN KEY (PERSON)
    REFERENCES TPERSON (PKEY)
;

ALTER TABLE TEXPORTTEMPLATE
    ADD CONSTRAINT TEXPORTTEMPLATE_FK_2 FOREIGN KEY (PROJECT)
    REFERENCES TPROJECT (PKEY)
;

--
-- A hint submitted by a user: Oracle DB MUST be created as "shared" and the 
-- job_queue_processes parameter  must be greater than 2, otherwise a DB lock 
-- will happen.   However, these settings are pretty much standard after any
-- Oracle install, so most users need not worry about this.
--


CREATE TABLE qrtz_job_details
  (
    JOB_NAME  VARCHAR2(80) NOT NULL,
    JOB_GROUP VARCHAR2(80) NOT NULL,
    DESCRIPTION VARCHAR2(120) NULL,
    JOB_CLASS_NAME   VARCHAR2(128) NOT NULL, 
    IS_DURABLE VARCHAR2(1) NOT NULL,
    IS_VOLATILE VARCHAR2(1) NOT NULL,
    IS_STATEFUL VARCHAR2(1) NOT NULL,
    REQUESTS_RECOVERY VARCHAR2(1) NOT NULL,
    JOB_DATA BLOB NULL,
    PRIMARY KEY (JOB_NAME,JOB_GROUP)
);
CREATE TABLE qrtz_job_listeners
  (
    JOB_NAME  VARCHAR2(80) NOT NULL, 
    JOB_GROUP VARCHAR2(80) NOT NULL,
    JOB_LISTENER VARCHAR2(80) NOT NULL,
    PRIMARY KEY (JOB_NAME,JOB_GROUP,JOB_LISTENER),
    FOREIGN KEY (JOB_NAME,JOB_GROUP) 
	REFERENCES QRTZ_JOB_DETAILS(JOB_NAME,JOB_GROUP)
);
CREATE TABLE qrtz_triggers
  (
    TRIGGER_NAME VARCHAR2(80) NOT NULL,
    TRIGGER_GROUP VARCHAR2(80) NOT NULL,
    JOB_NAME  VARCHAR2(80) NOT NULL, 
    JOB_GROUP VARCHAR2(80) NOT NULL,
    IS_VOLATILE VARCHAR2(1) NOT NULL,
    DESCRIPTION VARCHAR2(120) NULL,
    NEXT_FIRE_TIME NUMBER(13) NULL,
    PREV_FIRE_TIME NUMBER(13) NULL,
    PRIORITY NUMBER(13) NULL,
    TRIGGER_STATE VARCHAR2(16) NOT NULL,
    TRIGGER_TYPE VARCHAR2(8) NOT NULL,
    START_TIME NUMBER(13) NOT NULL,
    END_TIME NUMBER(13) NULL,
    CALENDAR_NAME VARCHAR2(80) NULL,
    MISFIRE_INSTR NUMBER(2) NULL,
    JOB_DATA BLOB NULL,
    PRIMARY KEY (TRIGGER_NAME,TRIGGER_GROUP),
    FOREIGN KEY (JOB_NAME,JOB_GROUP) 
	REFERENCES QRTZ_JOB_DETAILS(JOB_NAME,JOB_GROUP) 
);
CREATE TABLE qrtz_simple_triggers
  (
    TRIGGER_NAME VARCHAR2(80) NOT NULL,
    TRIGGER_GROUP VARCHAR2(80) NOT NULL,
    REPEAT_COUNT NUMBER(7) NOT NULL,
    REPEAT_INTERVAL NUMBER(12) NOT NULL,
    TIMES_TRIGGERED NUMBER(7) NOT NULL,
    PRIMARY KEY (TRIGGER_NAME,TRIGGER_GROUP),
    FOREIGN KEY (TRIGGER_NAME,TRIGGER_GROUP) 
	REFERENCES QRTZ_TRIGGERS(TRIGGER_NAME,TRIGGER_GROUP)
);
CREATE TABLE qrtz_cron_triggers
  (
    TRIGGER_NAME VARCHAR2(80) NOT NULL,
    TRIGGER_GROUP VARCHAR2(80) NOT NULL,
    CRON_EXPRESSION VARCHAR2(80) NOT NULL,
    TIME_ZONE_ID VARCHAR2(80),
    PRIMARY KEY (TRIGGER_NAME,TRIGGER_GROUP),
    FOREIGN KEY (TRIGGER_NAME,TRIGGER_GROUP) 
	REFERENCES QRTZ_TRIGGERS(TRIGGER_NAME,TRIGGER_GROUP)
);
CREATE TABLE qrtz_blob_triggers
  (
    TRIGGER_NAME VARCHAR2(80) NOT NULL,
    TRIGGER_GROUP VARCHAR2(80) NOT NULL,
    BLOB_DATA BLOB NULL,
    PRIMARY KEY (TRIGGER_NAME,TRIGGER_GROUP),
    FOREIGN KEY (TRIGGER_NAME,TRIGGER_GROUP) 
        REFERENCES QRTZ_TRIGGERS(TRIGGER_NAME,TRIGGER_GROUP)
);
CREATE TABLE qrtz_trigger_listeners
  (
    TRIGGER_NAME  VARCHAR2(80) NOT NULL, 
    TRIGGER_GROUP VARCHAR2(80) NOT NULL,
    TRIGGER_LISTENER VARCHAR2(80) NOT NULL,
    PRIMARY KEY (TRIGGER_NAME,TRIGGER_GROUP,TRIGGER_LISTENER),
    FOREIGN KEY (TRIGGER_NAME,TRIGGER_GROUP) 
	REFERENCES QRTZ_TRIGGERS(TRIGGER_NAME,TRIGGER_GROUP)
);
CREATE TABLE qrtz_calendars
  (
    CALENDAR_NAME  VARCHAR2(80) NOT NULL, 
    CALENDAR BLOB NOT NULL,
    PRIMARY KEY (CALENDAR_NAME)
);
CREATE TABLE qrtz_paused_trigger_grps
  (
    TRIGGER_GROUP  VARCHAR2(80) NOT NULL, 
    PRIMARY KEY (TRIGGER_GROUP)
);
CREATE TABLE qrtz_fired_triggers 
  (
    ENTRY_ID VARCHAR2(95) NOT NULL,
    TRIGGER_NAME VARCHAR2(80) NOT NULL,
    TRIGGER_GROUP VARCHAR2(80) NOT NULL,
    IS_VOLATILE VARCHAR2(1) NOT NULL,
    INSTANCE_NAME VARCHAR2(80) NOT NULL,
    FIRED_TIME NUMBER(13) NOT NULL,
    PRIORITY NUMBER(13) NOT NULL,
    STATE VARCHAR2(16) NOT NULL,
    JOB_NAME VARCHAR2(80) NULL,
    JOB_GROUP VARCHAR2(80) NULL,
    IS_STATEFUL VARCHAR2(1) NULL,
    REQUESTS_RECOVERY VARCHAR2(1) NULL,
    PRIMARY KEY (ENTRY_ID)
);
CREATE TABLE qrtz_scheduler_state 
  (
    INSTANCE_NAME VARCHAR2(80) NOT NULL,
    LAST_CHECKIN_TIME NUMBER(13) NOT NULL,
    CHECKIN_INTERVAL NUMBER(13) NOT NULL,
    PRIMARY KEY (INSTANCE_NAME)
);
CREATE TABLE qrtz_locks
  (
    LOCK_NAME  VARCHAR2(40) NOT NULL, 
    PRIMARY KEY (LOCK_NAME)
);
INSERT INTO qrtz_locks values('TRIGGER_ACCESS');
INSERT INTO qrtz_locks values('JOB_ACCESS');
INSERT INTO qrtz_locks values('CALENDAR_ACCESS');
INSERT INTO qrtz_locks values('STATE_ACCESS');
INSERT INTO qrtz_locks values('MISFIRE_ACCESS');
create index idx_qrtz_j_req_recovery on qrtz_job_details(REQUESTS_RECOVERY);
create index idx_qrtz_t_next_fire_time on qrtz_triggers(NEXT_FIRE_TIME);
create index idx_qrtz_t_state on qrtz_triggers(TRIGGER_STATE);
create index idx_qrtz_t_nft_st on qrtz_triggers(NEXT_FIRE_TIME,TRIGGER_STATE);
create index idx_qrtz_t_volatile on qrtz_triggers(IS_VOLATILE);
create index idx_qrtz_ft_trig_name on qrtz_fired_triggers(TRIGGER_NAME);
create index idx_qrtz_ft_trig_group on qrtz_fired_triggers(TRIGGER_GROUP);
create index idx_qrtz_ft_trig_nm_gp on qrtz_fired_triggers(TRIGGER_NAME,TRIGGER_GROUP);
create index idx_qrtz_ft_trig_volatile on qrtz_fired_triggers(IS_VOLATILE);
create index idx_qrtz_ft_trig_inst_name on qrtz_fired_triggers(INSTANCE_NAME);
create index idx_qrtz_ft_job_name on qrtz_fired_triggers(JOB_NAME);
create index idx_qrtz_ft_job_group on qrtz_fired_triggers(JOB_GROUP);
create index idx_qrtz_ft_job_stateful on qrtz_fired_triggers(IS_STATEFUL);
create index idx_qrtz_ft_job_req_recovery on qrtz_fired_triggers(REQUESTS_RECOVERY);

commit;

----------------------------------------------------------------------------------------
-- populate
----------------------------------------------------------------------------------------

-- New for 3.4
INSERT INTO ID_TABLE (ID_TABLE_ID, TABLE_NAME, NEXT_ID, QUANTITY) VALUES
			(54, 'TDASHBOARDSCREEN', 1, 1);
INSERT INTO ID_TABLE (ID_TABLE_ID, TABLE_NAME, NEXT_ID, QUANTITY) VALUES
			(55, 'TDASHBOARDTAB', 1, 1);
INSERT INTO ID_TABLE (ID_TABLE_ID, TABLE_NAME, NEXT_ID, QUANTITY) VALUES
			(56, 'TDASHBOARDPANEL', 1, 1);
INSERT INTO ID_TABLE (ID_TABLE_ID, TABLE_NAME, NEXT_ID, QUANTITY) VALUES
			(57, 'TDASHBOARDFIELD', 1, 1);
INSERT INTO ID_TABLE (ID_TABLE_ID, TABLE_NAME, NEXT_ID, QUANTITY) VALUES
			(58, 'TDASHBOARDPARAMETER', 1, 1);
INSERT INTO ID_TABLE (ID_TABLE_ID, TABLE_NAME, NEXT_ID, QUANTITY) VALUES
			(59, 'TFIELD', 50, 1);
INSERT INTO ID_TABLE (ID_TABLE_ID, TABLE_NAME, NEXT_ID, QUANTITY) VALUES
			(60, 'TFIELDCONFIG', 50, 1);
INSERT INTO ID_TABLE (ID_TABLE_ID, TABLE_NAME, NEXT_ID, QUANTITY) VALUES
			(61, 'TROLEFIELD', 1, 1);
INSERT INTO ID_TABLE (ID_TABLE_ID, TABLE_NAME, NEXT_ID, QUANTITY) VALUES
			(62, 'TCONFIGOPTIONSROLE', 1, 1);
INSERT INTO ID_TABLE (ID_TABLE_ID, TABLE_NAME, NEXT_ID, QUANTITY) VALUES
			(63, 'TTEXTBOXSETTINGS', 1, 1);
INSERT INTO ID_TABLE (ID_TABLE_ID, TABLE_NAME, NEXT_ID, QUANTITY) VALUES
			(64, 'TGENERALSETTINGS', 1, 1);
INSERT INTO ID_TABLE (ID_TABLE_ID, TABLE_NAME, NEXT_ID, QUANTITY) VALUES
			(65, 'TLIST', 1, 1);
INSERT INTO ID_TABLE (ID_TABLE_ID, TABLE_NAME, NEXT_ID, QUANTITY) VALUES
			(66, 'TOPTION', 1, 1);
INSERT INTO ID_TABLE (ID_TABLE_ID, TABLE_NAME, NEXT_ID, QUANTITY) VALUES
			(67, 'TOPTIONSETTINGS', 1, 1);
INSERT INTO ID_TABLE (ID_TABLE_ID, TABLE_NAME, NEXT_ID, QUANTITY) VALUES
			(68, 'TATTRIBUTEVALUE', 1, 1);
INSERT INTO ID_TABLE (ID_TABLE_ID, TABLE_NAME, NEXT_ID, QUANTITY) VALUES
			(69, 'TSCREEN', 10, 1);
INSERT INTO ID_TABLE (ID_TABLE_ID, TABLE_NAME, NEXT_ID, QUANTITY) VALUES
			(70, 'TSCREENTAB', 10, 1);
INSERT INTO ID_TABLE (ID_TABLE_ID, TABLE_NAME, NEXT_ID, QUANTITY) VALUES
			(71, 'TSCREENPANEL', 60, 1);
INSERT INTO ID_TABLE (ID_TABLE_ID, TABLE_NAME, NEXT_ID, QUANTITY) VALUES
			(72, 'TSCREENFIELD', 200, 1);
INSERT INTO ID_TABLE (ID_TABLE_ID, TABLE_NAME, NEXT_ID, QUANTITY) VALUES
			(73, 'TACTION', 10, 1);
INSERT INTO ID_TABLE (ID_TABLE_ID, TABLE_NAME, NEXT_ID, QUANTITY) VALUES
			(74, 'TSCREENCONFIG', 10, 1);
INSERT INTO ID_TABLE (ID_TABLE_ID, TABLE_NAME, NEXT_ID, QUANTITY) VALUES
			(75, 'TINITSTATE', 1, 1);
INSERT INTO ID_TABLE (ID_TABLE_ID, TABLE_NAME, NEXT_ID, QUANTITY) VALUES
			(76, 'TEVENT', 1, 1);
INSERT INTO ID_TABLE (ID_TABLE_ID, TABLE_NAME, NEXT_ID, QUANTITY) VALUES
			(77, 'TCLOB', 10, 1);
INSERT INTO ID_TABLE (ID_TABLE_ID, TABLE_NAME, NEXT_ID, QUANTITY) VALUES
			(78, 'TNOTIFYFIELD', 100, 1);
INSERT INTO ID_TABLE (ID_TABLE_ID, TABLE_NAME, NEXT_ID, QUANTITY) VALUES
			(79, 'TNOTIFYTRIGGER', 10, 1);
INSERT INTO ID_TABLE (ID_TABLE_ID, TABLE_NAME, NEXT_ID, QUANTITY) VALUES
			(80, 'TNOTIFYSETTINGS', 10, 1);
INSERT INTO ID_TABLE (ID_TABLE_ID, TABLE_NAME, NEXT_ID, QUANTITY) VALUES
			(81, 'TQUERYREPOSITORY', 10, 1);
INSERT INTO ID_TABLE (ID_TABLE_ID, TABLE_NAME, NEXT_ID, QUANTITY) VALUES
			(82, 'TLOCALIZEDRESOURCES', 1, 1);
INSERT INTO ID_TABLE (ID_TABLE_ID, TABLE_NAME, NEXT_ID, QUANTITY) VALUES
			(83, 'TWORKITEMLINK', 1, 1);
INSERT INTO ID_TABLE (ID_TABLE_ID, TABLE_NAME, NEXT_ID, QUANTITY) VALUES
			(84, 'TLOGGINGLEVEL', 1, 1);
INSERT INTO ID_TABLE (ID_TABLE_ID, TABLE_NAME, NEXT_ID, QUANTITY) VALUES(85, 'TVERSIONCONTROLPARAMETER', 1, 1);			
INSERT INTO ID_TABLE (ID_TABLE_ID, TABLE_NAME, NEXT_ID, QUANTITY) VALUES(86, 'TEXPORTTEMPLATE', 10, 1);
INSERT INTO ID_TABLE (ID_TABLE_ID, TABLE_NAME, NEXT_ID, QUANTITY) VALUES(87, 'TEMAILPROCESSED', 1, 1);						
-- system fields
--Required system dropdowns
INSERT INTO TFIELD (OBJECTID, NAME, FIELDTYPE, DEPRECATED, ISCUSTOM, REQUIRED)
			VALUES (1, 'Project', 'com.aurel.track.fieldType.types.system.select.SystemSelectProject', 'N', 'N', 'Y');
INSERT INTO TFIELD (OBJECTID, NAME, FIELDTYPE, DEPRECATED, ISCUSTOM, REQUIRED)
			VALUES (2, 'IssueType', 'com.aurel.track.fieldType.types.system.select.SystemSelectIssueType', 'N', 'N', 'Y');
INSERT INTO TFIELD (OBJECTID, NAME, FIELDTYPE, DEPRECATED, ISCUSTOM, REQUIRED)
			VALUES (3, 'Subproject', 'com.aurel.track.fieldType.types.system.select.SystemSelectSubproject', 'N', 'N', 'Y');
INSERT INTO TFIELD (OBJECTID, NAME, FIELDTYPE, DEPRECATED, ISCUSTOM, REQUIRED)
			VALUES (4, 'Status', 'com.aurel.track.fieldType.types.system.select.SystemSelectState', 'N', 'N', 'Y');
INSERT INTO TFIELD (OBJECTID, NAME, FIELDTYPE, DEPRECATED, ISCUSTOM, REQUIRED)
			VALUES (5, 'Manager', 'com.aurel.track.fieldType.types.system.select.SystemSelectManager', 'N', 'N', 'Y');
INSERT INTO TFIELD (OBJECTID, NAME, FIELDTYPE, DEPRECATED, ISCUSTOM, REQUIRED)
			VALUES (6, 'Responsible', 'com.aurel.track.fieldType.types.system.select.SystemSelectResponsible', 'N', 'N', 'Y');
--Not required system dropdowns
INSERT INTO TFIELD (OBJECTID, NAME, FIELDTYPE, DEPRECATED, ISCUSTOM, REQUIRED)
			VALUES (7, 'Class', 'com.aurel.track.fieldType.types.system.select.SystemSelectTheClass', 'N', 'N', 'N');
INSERT INTO TFIELD (OBJECTID, NAME, FIELDTYPE, DEPRECATED, ISCUSTOM, REQUIRED)
			VALUES (8, 'ReleaseNoticed', 'com.aurel.track.fieldType.types.system.select.SystemSelectReleaseNoticed', 'N', 'N', 'N');
INSERT INTO TFIELD (OBJECTID, NAME, FIELDTYPE, DEPRECATED, ISCUSTOM, REQUIRED)
			VALUES (9, 'ReleaseScheduled', 'com.aurel.track.fieldType.types.system.select.SystemSelectReleaseScheduled', 'N', 'N', 'N');
INSERT INTO TFIELD (OBJECTID, NAME, FIELDTYPE, DEPRECATED, ISCUSTOM, REQUIRED)
			VALUES (10, 'Priority', 'com.aurel.track.fieldType.types.system.select.SystemSelectPriority', 'N', 'N', 'Y');
INSERT INTO TFIELD (OBJECTID, NAME, FIELDTYPE, DEPRECATED, ISCUSTOM, REQUIRED)
			VALUES (11, 'Severity', 'com.aurel.track.fieldType.types.system.select.SystemSelectSeverity', 'N', 'N', 'N');
--System label fields
INSERT INTO TFIELD (OBJECTID, NAME, FIELDTYPE, DEPRECATED, ISCUSTOM, REQUIRED)
			VALUES (12, 'IssueNo', 'com.aurel.track.fieldType.types.system.text.SystemLabel', 'N', 'N', 'Y');
INSERT INTO TFIELD (OBJECTID, NAME, FIELDTYPE, DEPRECATED, ISCUSTOM, REQUIRED)
			VALUES (13, 'Originator', 'com.aurel.track.fieldType.types.system.text.SystemOriginator', 'N', 'N', 'Y');
INSERT INTO TFIELD (OBJECTID, NAME, FIELDTYPE, DEPRECATED, ISCUSTOM, REQUIRED)
			VALUES (14, 'CreateDate', 'com.aurel.track.fieldType.types.system.text.SystemLabelDate', 'N', 'N', 'Y');
INSERT INTO TFIELD (OBJECTID, NAME, FIELDTYPE, DEPRECATED, ISCUSTOM, REQUIRED)
			VALUES (15, 'LastModifiedDate', 'com.aurel.track.fieldType.types.system.text.SystemLabelDate', 'N', 'N', 'Y');
INSERT INTO TFIELD (OBJECTID, NAME, FIELDTYPE, DEPRECATED, ISCUSTOM, REQUIRED)
			VALUES (16, 'SuperiorWorkItem', 'com.aurel.track.fieldType.types.system.SystemParent', 'N', 'N', 'N');
--Required system textbox
INSERT INTO TFIELD (OBJECTID, NAME, FIELDTYPE, DEPRECATED, ISCUSTOM, REQUIRED)
			VALUES (17, 'Synopsis', 'com.aurel.track.fieldType.types.system.text.SystemSynopsis', 'N', 'N', 'Y');
--Not required system textbox
INSERT INTO TFIELD (OBJECTID, NAME, FIELDTYPE, DEPRECATED, ISCUSTOM, REQUIRED)
			VALUES (18, 'Build', 'com.aurel.track.fieldType.types.system.text.SystemTextBoxText', 'N', 'N', 'N');
INSERT INTO TFIELD (OBJECTID, NAME, FIELDTYPE, DEPRECATED, ISCUSTOM, REQUIRED)
			VALUES (19, 'StartDate', 'com.aurel.track.fieldType.types.system.text.SystemTextBoxDate', 'N', 'N', 'N');
INSERT INTO TFIELD (OBJECTID, NAME, FIELDTYPE, DEPRECATED, ISCUSTOM, REQUIRED)
			VALUES (20, 'EndDate', 'com.aurel.track.fieldType.types.system.text.SystemTextBoxDate', 'N', 'N', 'N');
INSERT INTO TFIELD (OBJECTID, NAME, FIELDTYPE, DEPRECATED, ISCUSTOM, REQUIRED)
			VALUES (21, 'Description', 'com.aurel.track.fieldType.types.system.text.SystemDescriptionTextEditor', 'N', 'N', 'N');
--Not required system checkbox
INSERT INTO TFIELD (OBJECTID, NAME, FIELDTYPE, DEPRECATED, ISCUSTOM, REQUIRED)
			VALUES (22, 'AccessLevel', 'com.aurel.track.fieldType.types.system.check.SystemAccessLevel', 'N', 'N', 'N');
INSERT INTO TFIELD (OBJECTID, NAME, FIELDTYPE, DEPRECATED, ISCUSTOM, REQUIRED)
			VALUES (23, 'Comment', 'com.aurel.track.fieldType.types.system.text.SystemCommentTextEditor', 'N', 'N', 'N');
INSERT INTO TFIELD (OBJECTID, NAME, FIELDTYPE, DEPRECATED, ISCUSTOM, REQUIRED)
			VALUES (24, 'LastEditedBy', 'com.aurel.track.fieldType.types.system.text.SystemLastEditedBy', 'N', 'N', 'Y');


-- system field configs
--Configs for required system dropdowns
INSERT INTO TFIELDCONFIG(OBJECTID, FIELDKEY, LABEL, TOOLTIP, REQUIRED)
			VALUES (1, 1, 'Project', 'Project', 'Y');
INSERT INTO TFIELDCONFIG(OBJECTID, FIELDKEY, LABEL, TOOLTIP, REQUIRED)
			VALUES (2, 2, 'Issue Type', 'The type of issue', 'Y');
INSERT INTO TFIELDCONFIG(OBJECTID, FIELDKEY, LABEL, TOOLTIP, REQUIRED)
			VALUES (3, 3, 'Subproject', 'Subproject', 'Y');
INSERT INTO TFIELDCONFIG(OBJECTID, FIELDKEY, LABEL, TOOLTIP, REQUIRED)
			VALUES (4, 4, 'Status', 'Status', 'Y');
INSERT INTO TFIELDCONFIG(OBJECTID, FIELDKEY, LABEL, TOOLTIP, REQUIRED)
			VALUES (5, 5, 'Manager', 'Manager', 'Y');
INSERT INTO TFIELDCONFIG(OBJECTID, FIELDKEY, LABEL, TOOLTIP, REQUIRED)
			VALUES (6, 6, 'Responsible', 'Responsible', 'Y');
--Configs for not required system dropdowns
INSERT INTO TFIELDCONFIG(OBJECTID, FIELDKEY, LABEL, TOOLTIP, REQUIRED)
			VALUES (7, 7, 'Class', 'Class', 'Y');
INSERT INTO TFIELDCONFIG(OBJECTID, FIELDKEY, LABEL, TOOLTIP, REQUIRED)
			VALUES (8, 8, 'Affects Release', 'Release which is affected by this issue', 'Y');
INSERT INTO TFIELDCONFIG(OBJECTID, FIELDKEY, LABEL, TOOLTIP, REQUIRED)
			VALUES (9, 9, 'Fix Release', 'Release where this issue is resolved', 'Y');
INSERT INTO TFIELDCONFIG(OBJECTID, FIELDKEY, LABEL, TOOLTIP, REQUIRED)
			VALUES (10, 10, 'Priority', 'Priority', 'Y');
INSERT INTO TFIELDCONFIG(OBJECTID, FIELDKEY, LABEL, TOOLTIP, REQUIRED)
			VALUES (11, 11, 'Severity', 'Severity', 'Y');
--Configs for system label fields
INSERT INTO TFIELDCONFIG(OBJECTID, FIELDKEY, LABEL, TOOLTIP, REQUIRED)
			VALUES (12, 12, 'Issue No.', 'The issue identification number', 'Y');
INSERT INTO TFIELDCONFIG(OBJECTID, FIELDKEY, LABEL, TOOLTIP, REQUIRED)
			VALUES (13, 13, 'Originator', 'Originator', 'Y');
INSERT INTO TFIELDCONFIG(OBJECTID, FIELDKEY, LABEL, TOOLTIP, REQUIRED)
			VALUES (14, 14, 'Create Date', 'Created on', 'Y');
INSERT INTO TFIELDCONFIG(OBJECTID, FIELDKEY, LABEL, TOOLTIP, REQUIRED)
			VALUES (15, 15, 'Last Modified', 'Last modified on this date', 'Y');
INSERT INTO TFIELDCONFIG(OBJECTID, FIELDKEY, LABEL, TOOLTIP, REQUIRED)
			VALUES (16, 16, 'Parent Issue', 'The parent issue', 'N');
--Configs for required system textbox
INSERT INTO TFIELDCONFIG(OBJECTID, FIELDKEY, LABEL, TOOLTIP, REQUIRED)
			VALUES (17, 17, 'Synopsis', 'Synopsis', 'Y');
--Configs for not required system textbox
INSERT INTO TFIELDCONFIG(OBJECTID, FIELDKEY, LABEL, TOOLTIP, REQUIRED)
			VALUES (18, 18, 'Build', 'Build', 'N');
INSERT INTO TFIELDCONFIG(OBJECTID, FIELDKEY, LABEL, TOOLTIP, REQUIRED)
			VALUES (19, 19, 'Start Date', 'Start Date', 'N');
INSERT INTO TFIELDCONFIG(OBJECTID, FIELDKEY, LABEL, TOOLTIP, REQUIRED)
			VALUES (20, 20, 'End Date', 'End Date', 'N');
INSERT INTO TFIELDCONFIG(OBJECTID, FIELDKEY, LABEL, TOOLTIP, REQUIRED)
			VALUES (21, 21, 'Description', 'Description', 'N');
INSERT INTO TFIELDCONFIG(OBJECTID, FIELDKEY, LABEL, TOOLTIP, REQUIRED)
			VALUES (22, 22, 'AccessLevel', 'Access Level', 'N');
INSERT INTO TFIELDCONFIG(OBJECTID, FIELDKEY, LABEL, TOOLTIP, REQUIRED)
			VALUES (23, 23, 'Comment', 'Comment', 'N');
INSERT INTO TFIELDCONFIG(OBJECTID, FIELDKEY, LABEL, TOOLTIP, REQUIRED)
			VALUES (24, 24, 'LastEditedBy', 'LastEditedBy', 'Y');
			
-- the actions: new,edit and extra action "Other"
INSERT INTO TACTION (OBJECTID,NAME,LABEL,DESCRIPTION) VALUES (1,'New','New','New issue');
INSERT INTO TACTION (OBJECTID,NAME,LABEL,DESCRIPTION) VALUES (2,'Edit','Edit','Edit issue');
INSERT INTO TACTION (OBJECTID,NAME,LABEL,DESCRIPTION) VALUES (3,'Move','Move','Move issue');
INSERT INTO TACTION (OBJECTID,NAME,LABEL,DESCRIPTION) VALUES (4,'NewChild','NewChild','New issue child');
INSERT INTO TACTION (OBJECTID,NAME,LABEL,DESCRIPTION) VALUES (5,'ChangeStatus','ChangeStatus','Change status');
INSERT INTO TACTION (OBJECTID,NAME,LABEL,DESCRIPTION) VALUES (6,'AddComment','AddComment','Add comment');

-- default screens
INSERT INTO TSCREEN (OBJECTID,NAME,LABEL,DESCRIPTION,OWNER) VALUES (1,'Default Form (NEW)','Default Mask (NEW)','The default input mask for creating new issues', 1);
INSERT INTO TSCREEN (OBJECTID,NAME,LABEL,DESCRIPTION,OWNER) VALUES (2,'Default Form (EDIT)','Default Mask (EDIT)','The default input mask for editing issues', 1);
INSERT INTO TSCREEN (OBJECTID,NAME,LABEL,DESCRIPTION,OWNER) VALUES (3,'Default Form (MOVE)','Default Mask (OTHER)','The default mask for other actions', 1);
INSERT INTO TSCREEN (OBJECTID,NAME,LABEL,DESCRIPTION,OWNER) VALUES (4,'Default Form (NEW CHILD)','Copy ofDefault Mask (NEW)','The default input mask for creating new issues', 1);
INSERT INTO TSCREEN (OBJECTID,NAME,LABEL,DESCRIPTION,OWNER) VALUES (5,'Default Form (CHANGE STATUS)','Copy ofDefault Mask (OTHER)','The default mask for other actions', 1);
INSERT INTO TSCREEN (OBJECTID,NAME,LABEL,DESCRIPTION,OWNER) VALUES (6,'Default Form (ADD COMMENT)','Add comment','Add comment to existing issue', 1);

-- default screenConfigs for action:new,edit,Move
INSERT INTO TSCREENCONFIG (OBJECTID,SCREEN,ACTIONKEY) VALUES (1,1,1);
INSERT INTO TSCREENCONFIG (OBJECTID,SCREEN,ACTIONKEY) VALUES (2,2,2);
INSERT INTO TSCREENCONFIG (OBJECTID,SCREEN,ACTIONKEY) VALUES (3,3,3);
INSERT INTO TSCREENCONFIG (OBJECTID,SCREEN,ACTIONKEY) VALUES (4,4,4);
INSERT INTO TSCREENCONFIG (OBJECTID,SCREEN,ACTIONKEY) VALUES (5,5,5);
INSERT INTO TSCREENCONFIG (OBJECTID,SCREEN,ACTIONKEY) VALUES (6,6,6);

--screenTab
INSERT INTO TSCREENTAB (OBJECTID,NAME,LABEL,DESCRIPTION,SORTORDER,PARENT) VALUES (1,'main','Main','The main tab',0,1);
INSERT INTO TSCREENTAB (OBJECTID,NAME,LABEL,DESCRIPTION,SORTORDER,PARENT) VALUES (2, 'main', 'Main', 'The main tab', 0, 2);
INSERT INTO TSCREENTAB (OBJECTID,NAME,LABEL,DESCRIPTION,SORTORDER,PARENT) VALUES (3, 'main', 'Main', 'The main tab', 0, 3);
INSERT INTO TSCREENTAB (OBJECTID,NAME,LABEL,DESCRIPTION,SORTORDER,PARENT) VALUES (4, 'main', 'Main', 'The main tab', 0, 4);
INSERT INTO TSCREENTAB (OBJECTID,NAME,LABEL,DESCRIPTION,SORTORDER,PARENT) VALUES (5, 'main', 'Main', 'The main tab', 0, 5);
INSERT INTO TSCREENTAB (OBJECTID,NAME,LABEL,DESCRIPTION,SORTORDER,PARENT) VALUES (6, 'main', 'Main', 'The main tab', 0, 6);

--  panels
INSERT INTO TSCREENPANEL (OBJECTID,NAME,LABEL,DESCRIPTION,SORTORDER,ROWSNO,COLSNO,PARENT) VALUES (30, 'Panel0', 'Panel0', 'Panel0 description', 0, 6, 3, 1);
INSERT INTO TSCREENPANEL (OBJECTID,NAME,LABEL,DESCRIPTION,SORTORDER,ROWSNO,COLSNO,PARENT) VALUES (31, 'Panel1', 'Panel1', 'Panel1 description', 1, 2, 1, 1);
INSERT INTO TSCREENPANEL (OBJECTID,NAME,LABEL,DESCRIPTION,SORTORDER,ROWSNO,COLSNO,PARENT) VALUES (32, 'Panel0', 'Panel0', 'Panel0 description', 0, 6, 3, 2);
INSERT INTO TSCREENPANEL (OBJECTID,NAME,LABEL,DESCRIPTION,SORTORDER,ROWSNO,COLSNO,PARENT) VALUES (33, 'Panel1', 'Panel1', 'Panel1 description', 1, 2, 1, 2);
INSERT INTO TSCREENPANEL (OBJECTID,NAME,LABEL,DESCRIPTION,SORTORDER,ROWSNO,COLSNO,PARENT) VALUES (34, 'Panel2', 'Panel2', 'Panel2 description', 2, 1, 1, 2);
INSERT INTO TSCREENPANEL (OBJECTID,NAME,LABEL,DESCRIPTION,SORTORDER,ROWSNO,COLSNO,PARENT) VALUES (35, 'Panel2', 'Panel2', 'Panel2 description', 2, 1, 1, 1);
INSERT INTO TSCREENPANEL (OBJECTID,NAME,LABEL,DESCRIPTION,SORTORDER,ROWSNO,COLSNO,PARENT) VALUES (36, 'Panel0', 'Panel0', 'Panel0 description', 0, 4, 3, 3);
INSERT INTO TSCREENPANEL (OBJECTID,NAME,LABEL,DESCRIPTION,SORTORDER,ROWSNO,COLSNO,PARENT) VALUES (37, 'Panel0', 'Panel0', 'Panel0 description', 0, 6, 3, 4);
INSERT INTO TSCREENPANEL (OBJECTID,NAME,LABEL,DESCRIPTION,SORTORDER,ROWSNO,COLSNO,PARENT) VALUES (38, 'Panel1', 'Panel1', 'Panel1 description', 1, 2, 1, 4);
INSERT INTO TSCREENPANEL (OBJECTID,NAME,LABEL,DESCRIPTION,SORTORDER,ROWSNO,COLSNO,PARENT) VALUES (39, 'Panel2', 'Panel2', 'Panel2 description', 2, 1, 1, 4);
INSERT INTO TSCREENPANEL (OBJECTID,NAME,LABEL,DESCRIPTION,SORTORDER,ROWSNO,COLSNO,PARENT) VALUES (40, 'Panel0', 'Panel0', 'Panel0 description', 0, 3, 3, 5);
INSERT INTO TSCREENPANEL (OBJECTID,NAME,LABEL,DESCRIPTION,SORTORDER,ROWSNO,COLSNO,PARENT) VALUES (41, 'Panel1', 'Panel1', 'Panel1 description', 1, 1, 1, 5);
INSERT INTO TSCREENPANEL (OBJECTID,NAME,LABEL,DESCRIPTION,SORTORDER,ROWSNO,COLSNO,PARENT) VALUES (42, 'Panel1', 'Panel1', 'Panel1 description', 1, 2, 2, 6);

-- fields
INSERT INTO TSCREENFIELD (OBJECTID,NAME,DESCRIPTION,SORTORDER,COLINDEX,ROWINDEX,COLSPAN,ROWSPAN,LABELHALIGN,LABELVALIGN,VALUEHALIGN,VALUEVALIGN,ISEMPTY,PARENT,FIELDKEY)
VALUES (100, 'IssueNo', NULL, NULL, 0, 0, 1, 1, 3, 2, 3, 2, 'N', 30, 12);

INSERT INTO TSCREENFIELD (OBJECTID,NAME,DESCRIPTION,SORTORDER,COLINDEX,ROWINDEX,COLSPAN,ROWSPAN,LABELHALIGN,LABELVALIGN,VALUEHALIGN,VALUEVALIGN,ISEMPTY,PARENT,FIELDKEY)
VALUES (101, 'CreateDate', NULL, NULL, 0, 1, 1, 1, 3, 2, 3, 2, 'N', 30, 14);

INSERT INTO TSCREENFIELD (OBJECTID,NAME,DESCRIPTION,SORTORDER,COLINDEX,ROWINDEX,COLSPAN,ROWSPAN,LABELHALIGN,LABELVALIGN,VALUEHALIGN,VALUEVALIGN,ISEMPTY,PARENT,FIELDKEY)
VALUES (102, 'Originator', NULL, NULL, 0, 2, 1, 1, 3, 2, 3, 2, 'N', 30, 13);

INSERT INTO TSCREENFIELD (OBJECTID,NAME,DESCRIPTION,SORTORDER,COLINDEX,ROWINDEX,COLSPAN,ROWSPAN,LABELHALIGN,LABELVALIGN,VALUEHALIGN,VALUEVALIGN,ISEMPTY,PARENT,FIELDKEY)
VALUES (103, 'Manager', NULL, NULL, 0, 3, 1, 1, 3, 2, 3, 2, 'N', 30, 5);

INSERT INTO TSCREENFIELD (OBJECTID,NAME,DESCRIPTION,SORTORDER,COLINDEX,ROWINDEX,COLSPAN,ROWSPAN,LABELHALIGN,LABELVALIGN,VALUEHALIGN,VALUEVALIGN,ISEMPTY,PARENT,FIELDKEY)
VALUES (104, 'Responsible', NULL, NULL, 0, 4, 1, 1, 3, 2, 3, 2, 'N', 30, 6);

INSERT INTO TSCREENFIELD (OBJECTID,NAME,DESCRIPTION,SORTORDER,COLINDEX,ROWINDEX,COLSPAN,ROWSPAN,LABELHALIGN,LABELVALIGN,VALUEHALIGN,VALUEVALIGN,ISEMPTY,PARENT,FIELDKEY)
VALUES (105, 'Subproject', NULL, NULL, 1, 1, 1, 1, 3, 2, 3, 2, 'N', 30, 3);

INSERT INTO TSCREENFIELD (OBJECTID,NAME,DESCRIPTION,SORTORDER,COLINDEX,ROWINDEX,COLSPAN,ROWSPAN,LABELHALIGN,LABELVALIGN,VALUEHALIGN,VALUEVALIGN,ISEMPTY,PARENT,FIELDKEY)
VALUES (106, 'Class', NULL, NULL, 1, 2, 1, 1, 3, 2, 3, 2, 'N', 30, 7);

INSERT INTO TSCREENFIELD (OBJECTID,NAME,DESCRIPTION,SORTORDER,COLINDEX,ROWINDEX,COLSPAN,ROWSPAN,LABELHALIGN,LABELVALIGN,VALUEHALIGN,VALUEVALIGN,ISEMPTY,PARENT,FIELDKEY)
VALUES (107, 'Release Noticed', NULL, NULL, 1, 3, 1, 1, 3, 2, 3, 2, 'N', 30, 8);

INSERT INTO TSCREENFIELD (OBJECTID,NAME,DESCRIPTION,SORTORDER,COLINDEX,ROWINDEX,COLSPAN,ROWSPAN,LABELHALIGN,LABELVALIGN,VALUEHALIGN,VALUEVALIGN,ISEMPTY,PARENT,FIELDKEY)
VALUES (108, 'Release Scheduled', NULL, NULL, 1, 4, 1, 1, 3, 2, 3, 2, 'N', 30, 9);

INSERT INTO TSCREENFIELD (OBJECTID,NAME,DESCRIPTION,SORTORDER,COLINDEX,ROWINDEX,COLSPAN,ROWSPAN,LABELHALIGN,LABELVALIGN,VALUEHALIGN,VALUEVALIGN,ISEMPTY,PARENT,FIELDKEY)
VALUES (109, 'Build', NULL, NULL, 1, 5, 1, 1, 3, 2, 3, 2, 'N', 30, 18);

INSERT INTO TSCREENFIELD (OBJECTID,NAME,DESCRIPTION,SORTORDER,COLINDEX,ROWINDEX,COLSPAN,ROWSPAN,LABELHALIGN,LABELVALIGN,VALUEHALIGN,VALUEVALIGN,ISEMPTY,PARENT,FIELDKEY)
VALUES (110, 'Priority', NULL, NULL, 2, 1, 1, 1, 3, 2, 3, 2, 'N', 30, 10);

INSERT INTO TSCREENFIELD (OBJECTID,NAME,DESCRIPTION,SORTORDER,COLINDEX,ROWINDEX,COLSPAN,ROWSPAN,LABELHALIGN,LABELVALIGN,VALUEHALIGN,VALUEVALIGN,ISEMPTY,PARENT,FIELDKEY)
VALUES (111, 'Severity', NULL, NULL, 2, 2, 1, 1, 3, 2, 3, 2, 'N', 30, 11);

INSERT INTO TSCREENFIELD (OBJECTID,NAME,DESCRIPTION,SORTORDER,COLINDEX,ROWINDEX,COLSPAN,ROWSPAN,LABELHALIGN,LABELVALIGN,VALUEHALIGN,VALUEVALIGN,ISEMPTY,PARENT,FIELDKEY)
VALUES (112, 'Start Date', NULL, NULL, 2, 3, 1, 1, 3, 2, 3, 2, 'N', 30, 19);

INSERT INTO TSCREENFIELD (OBJECTID,NAME,DESCRIPTION,SORTORDER,COLINDEX,ROWINDEX,COLSPAN,ROWSPAN,LABELHALIGN,LABELVALIGN,VALUEHALIGN,VALUEVALIGN,ISEMPTY,PARENT,FIELDKEY)
VALUES (113, 'End Date', NULL, NULL, 2, 4, 1, 1, 3, 2, 3, 2, 'N', 30, 20);

INSERT INTO TSCREENFIELD (OBJECTID,NAME,DESCRIPTION,SORTORDER,COLINDEX,ROWINDEX,COLSPAN,ROWSPAN,LABELHALIGN,LABELVALIGN,VALUEHALIGN,VALUEVALIGN,ISEMPTY,PARENT,FIELDKEY)
VALUES (114, 'Synopsis', NULL, NULL, 0, 0, 1, 1, 3, 2, 3, 2, 'N', 31, 17);

INSERT INTO TSCREENFIELD (OBJECTID,NAME,DESCRIPTION,SORTORDER,COLINDEX,ROWINDEX,COLSPAN,ROWSPAN,LABELHALIGN,LABELVALIGN,VALUEHALIGN,VALUEVALIGN,ISEMPTY,PARENT,FIELDKEY)
VALUES (115, 'Description', NULL, NULL, 0, 1, 1, 1, 3, 2, 3, 2, 'N', 31, 21);

INSERT INTO TSCREENFIELD (OBJECTID,NAME,DESCRIPTION,SORTORDER,COLINDEX,ROWINDEX,COLSPAN,ROWSPAN,LABELHALIGN,LABELVALIGN,VALUEHALIGN,VALUEVALIGN,ISEMPTY,PARENT,FIELDKEY)
VALUES (116, 'IssueNo', NULL, NULL, 0, 0, 1, 1, 3, 2, 3, 2, 'N', 32, 12);

INSERT INTO TSCREENFIELD (OBJECTID,NAME,DESCRIPTION,SORTORDER,COLINDEX,ROWINDEX,COLSPAN,ROWSPAN,LABELHALIGN,LABELVALIGN,VALUEHALIGN,VALUEVALIGN,ISEMPTY,PARENT,FIELDKEY)
VALUES (117, 'Create Date', NULL, NULL, 0, 1, 1, 1, 3, 2, 3, 2, 'N', 32, 14);

INSERT INTO TSCREENFIELD (OBJECTID,NAME,DESCRIPTION,SORTORDER,COLINDEX,ROWINDEX,COLSPAN,ROWSPAN,LABELHALIGN,LABELVALIGN,VALUEHALIGN,VALUEVALIGN,ISEMPTY,PARENT,FIELDKEY)
VALUES (118, 'Originator', NULL, NULL, 0, 2, 1, 1, 3, 2, 3, 2, 'N', 32, 13);

INSERT INTO TSCREENFIELD (OBJECTID,NAME,DESCRIPTION,SORTORDER,COLINDEX,ROWINDEX,COLSPAN,ROWSPAN,LABELHALIGN,LABELVALIGN,VALUEHALIGN,VALUEVALIGN,ISEMPTY,PARENT,FIELDKEY)
VALUES (119, 'Manager', NULL, NULL, 0, 3, 1, 1, 3, 2, 3, 2, 'N', 32, 5);

INSERT INTO TSCREENFIELD (OBJECTID,NAME,DESCRIPTION,SORTORDER,COLINDEX,ROWINDEX,COLSPAN,ROWSPAN,LABELHALIGN,LABELVALIGN,VALUEHALIGN,VALUEVALIGN,ISEMPTY,PARENT,FIELDKEY)
VALUES (120, 'Responsible', NULL, NULL, 0, 4, 1, 1, 3, 2, 3, 2, 'N', 32, 6);

INSERT INTO TSCREENFIELD (OBJECTID,NAME,DESCRIPTION,SORTORDER,COLINDEX,ROWINDEX,COLSPAN,ROWSPAN,LABELHALIGN,LABELVALIGN,VALUEHALIGN,VALUEVALIGN,ISEMPTY,PARENT,FIELDKEY)
VALUES (121, 'Subproject', NULL, NULL, 1, 1, 1, 1, 3, 2, 3, 2, 'N', 32, 3);

INSERT INTO TSCREENFIELD (OBJECTID,NAME,DESCRIPTION,SORTORDER,COLINDEX,ROWINDEX,COLSPAN,ROWSPAN,LABELHALIGN,LABELVALIGN,VALUEHALIGN,VALUEVALIGN,ISEMPTY,PARENT,FIELDKEY)
VALUES (122, 'Class', NULL, NULL, 1, 2, 1, 1, 3, 2, 3, 2, 'N', 32, 7);

INSERT INTO TSCREENFIELD (OBJECTID,NAME,DESCRIPTION,SORTORDER,COLINDEX,ROWINDEX,COLSPAN,ROWSPAN,LABELHALIGN,LABELVALIGN,VALUEHALIGN,VALUEVALIGN,ISEMPTY,PARENT,FIELDKEY)
VALUES (123, 'Release Noticed', NULL, NULL, 1, 3, 1, 1, 3, 2, 3, 2, 'N', 32, 8);

INSERT INTO TSCREENFIELD (OBJECTID,NAME,DESCRIPTION,SORTORDER,COLINDEX,ROWINDEX,COLSPAN,ROWSPAN,LABELHALIGN,LABELVALIGN,VALUEHALIGN,VALUEVALIGN,ISEMPTY,PARENT,FIELDKEY)
VALUES (124, 'Release Scheduled', NULL, NULL, 1, 4, 1, 1, 3, 2, 3, 2, 'N', 32, 9);

INSERT INTO TSCREENFIELD (OBJECTID,NAME,DESCRIPTION,SORTORDER,COLINDEX,ROWINDEX,COLSPAN,ROWSPAN,LABELHALIGN,LABELVALIGN,VALUEHALIGN,VALUEVALIGN,ISEMPTY,PARENT,FIELDKEY)
VALUES (125, 'Build', NULL, NULL, 1, 5, 1, 1, 3, 2, 3, 2, 'N', 32, 18);

INSERT INTO TSCREENFIELD (OBJECTID,NAME,DESCRIPTION,SORTORDER,COLINDEX,ROWINDEX,COLSPAN,ROWSPAN,LABELHALIGN,LABELVALIGN,VALUEHALIGN,VALUEVALIGN,ISEMPTY,PARENT,FIELDKEY)
VALUES (126, 'Priority', NULL, NULL, 2, 1, 1, 1, 3, 2, 3, 2, 'N', 32, 10);

INSERT INTO TSCREENFIELD (OBJECTID,NAME,DESCRIPTION,SORTORDER,COLINDEX,ROWINDEX,COLSPAN,ROWSPAN,LABELHALIGN,LABELVALIGN,VALUEHALIGN,VALUEVALIGN,ISEMPTY,PARENT,FIELDKEY)
VALUES (127, 'Severity', NULL, NULL, 2, 2, 1, 1, 3, 2, 3, 2, 'N', 32, 11);

INSERT INTO TSCREENFIELD (OBJECTID,NAME,DESCRIPTION,SORTORDER,COLINDEX,ROWINDEX,COLSPAN,ROWSPAN,LABELHALIGN,LABELVALIGN,VALUEHALIGN,VALUEVALIGN,ISEMPTY,PARENT,FIELDKEY)
VALUES (128, 'Start Date', NULL, NULL, 2, 3, 1, 1, 3, 2, 3, 2, 'N', 32, 19);

INSERT INTO TSCREENFIELD (OBJECTID,NAME,DESCRIPTION,SORTORDER,COLINDEX,ROWINDEX,COLSPAN,ROWSPAN,LABELHALIGN,LABELVALIGN,VALUEHALIGN,VALUEVALIGN,ISEMPTY,PARENT,FIELDKEY)
VALUES (129, 'End Date', NULL, NULL, 2, 4, 1, 1, 3, 2, 3, 2, 'N', 32, 20);

INSERT INTO TSCREENFIELD (OBJECTID,NAME,DESCRIPTION,SORTORDER,COLINDEX,ROWINDEX,COLSPAN,ROWSPAN,LABELHALIGN,LABELVALIGN,VALUEHALIGN,VALUEVALIGN,ISEMPTY,PARENT,FIELDKEY)
VALUES (130, 'Synopsis', NULL, NULL, 0, 0, 1, 1, 3, 2, 3, 2, 'N', 33, 17);

INSERT INTO TSCREENFIELD (OBJECTID,NAME,DESCRIPTION,SORTORDER,COLINDEX,ROWINDEX,COLSPAN,ROWSPAN,LABELHALIGN,LABELVALIGN,VALUEHALIGN,VALUEVALIGN,ISEMPTY,PARENT,FIELDKEY)
VALUES (131, 'Description', '', NULL, 0, 1, 1, 1, 3, 0, 3, 2, 'N', 33, 21);

INSERT INTO TSCREENFIELD (OBJECTID,NAME,DESCRIPTION,SORTORDER,COLINDEX,ROWINDEX,COLSPAN,ROWSPAN,LABELHALIGN,LABELVALIGN,VALUEHALIGN,VALUEVALIGN,ISEMPTY,PARENT,FIELDKEY)
VALUES (132, 'SuperiorWorkItem', NULL, NULL, 0, 0, 1, 1, 3, 2, 3, 2, 'N', 34, 16);

INSERT INTO TSCREENFIELD (OBJECTID,NAME,DESCRIPTION,SORTORDER,COLINDEX,ROWINDEX,COLSPAN,ROWSPAN,LABELHALIGN,LABELVALIGN,VALUEHALIGN,VALUEVALIGN,ISEMPTY,PARENT,FIELDKEY)
VALUES (133, 'SuperiorWorkItem', NULL, NULL, 0, 0, 1, 1, 3, 2, 3, 2, 'N', 35, 16);

INSERT INTO TSCREENFIELD (OBJECTID,NAME,DESCRIPTION,SORTORDER,COLINDEX,ROWINDEX,COLSPAN,ROWSPAN,LABELHALIGN,LABELVALIGN,VALUEHALIGN,VALUEVALIGN,ISEMPTY,PARENT,FIELDKEY)
VALUES (134, 'Originator', NULL, NULL, 0, 0, 1, 1, 3, 2, 3, 2, 'N', 36, 13);

INSERT INTO TSCREENFIELD (OBJECTID,NAME,DESCRIPTION,SORTORDER,COLINDEX,ROWINDEX,COLSPAN,ROWSPAN,LABELHALIGN,LABELVALIGN,VALUEHALIGN,VALUEVALIGN,ISEMPTY,PARENT,FIELDKEY)
VALUES (135, 'Manager', NULL, NULL, 0, 1, 1, 1, 3, 2, 3, 2, 'N', 36, 5);

INSERT INTO TSCREENFIELD (OBJECTID,NAME,DESCRIPTION,SORTORDER,COLINDEX,ROWINDEX,COLSPAN,ROWSPAN,LABELHALIGN,LABELVALIGN,VALUEHALIGN,VALUEVALIGN,ISEMPTY,PARENT,FIELDKEY)
VALUES (136, 'Responsible', NULL, NULL, 0, 2, 1, 1, 3, 2, 3, 2, 'N', 36, 6);

INSERT INTO TSCREENFIELD (OBJECTID,NAME,DESCRIPTION,SORTORDER,COLINDEX,ROWINDEX,COLSPAN,ROWSPAN,LABELHALIGN,LABELVALIGN,VALUEHALIGN,VALUEVALIGN,ISEMPTY,PARENT,FIELDKEY)
VALUES (137, 'Subproject', NULL, NULL, 1, 0, 1, 1, 3, 2, 3, 2, 'N', 36, 3);

INSERT INTO TSCREENFIELD (OBJECTID,NAME,DESCRIPTION,SORTORDER,COLINDEX,ROWINDEX,COLSPAN,ROWSPAN,LABELHALIGN,LABELVALIGN,VALUEHALIGN,VALUEVALIGN,ISEMPTY,PARENT,FIELDKEY)
VALUES (138, 'Class', NULL, NULL, 1, 1, 1, 1, 3, 2, 3, 2, 'N', 36, 7);

INSERT INTO TSCREENFIELD (OBJECTID,NAME,DESCRIPTION,SORTORDER,COLINDEX,ROWINDEX,COLSPAN,ROWSPAN,LABELHALIGN,LABELVALIGN,VALUEHALIGN,VALUEVALIGN,ISEMPTY,PARENT,FIELDKEY)
VALUES (139, 'Release Noticed', NULL, NULL, 1, 2, 1, 1, 3, 2, 3, 2, 'N', 36, 8);

INSERT INTO TSCREENFIELD (OBJECTID,NAME,DESCRIPTION,SORTORDER,COLINDEX,ROWINDEX,COLSPAN,ROWSPAN,LABELHALIGN,LABELVALIGN,VALUEHALIGN,VALUEVALIGN,ISEMPTY,PARENT,FIELDKEY)
VALUES (140, 'Release Scheduled', NULL, NULL, 1, 3, 1, 1, 3, 2, 3, 2, 'N', 36, 9);

INSERT INTO TSCREENFIELD (OBJECTID,NAME,DESCRIPTION,SORTORDER,COLINDEX,ROWINDEX,COLSPAN,ROWSPAN,LABELHALIGN,LABELVALIGN,VALUEHALIGN,VALUEVALIGN,ISEMPTY,PARENT,FIELDKEY)
VALUES (141, 'Status', NULL, NULL, 2, 0, 1, 1, 3, 2, 3, 2, 'N', 36, 4);

INSERT INTO TSCREENFIELD (OBJECTID,NAME,DESCRIPTION,SORTORDER,COLINDEX,ROWINDEX,COLSPAN,ROWSPAN,LABELHALIGN,LABELVALIGN,VALUEHALIGN,VALUEVALIGN,ISEMPTY,PARENT,FIELDKEY)
VALUES (142, 'Priority', NULL, NULL, 2, 1, 1, 1, 3, 2, 3, 2, 'N', 36, 10);

INSERT INTO TSCREENFIELD (OBJECTID,NAME,DESCRIPTION,SORTORDER,COLINDEX,ROWINDEX,COLSPAN,ROWSPAN,LABELHALIGN,LABELVALIGN,VALUEHALIGN,VALUEVALIGN,ISEMPTY,PARENT,FIELDKEY)
VALUES (143, 'Severity', NULL, NULL, 2, 2, 1, 1, 3, 2, 3, 2, 'N', 36, 11);

INSERT INTO TSCREENFIELD (OBJECTID,NAME,DESCRIPTION,SORTORDER,COLINDEX,ROWINDEX,COLSPAN,ROWSPAN,LABELHALIGN,LABELVALIGN,VALUEHALIGN,VALUEVALIGN,ISEMPTY,PARENT,FIELDKEY)
VALUES (144, 'IssueType', NULL, NULL, 2, 0, 1, 1, 3, 2, 3, 2, 'N', 30, 2);

INSERT INTO TSCREENFIELD (OBJECTID,NAME,DESCRIPTION,SORTORDER,COLINDEX,ROWINDEX,COLSPAN,ROWSPAN,LABELHALIGN,LABELVALIGN,VALUEHALIGN,VALUEVALIGN,ISEMPTY,PARENT,FIELDKEY)
VALUES (145, 'Project', NULL, NULL, 1, 0, 1, 1, 3, 2, 3, 2, 'N', 30, 1);

INSERT INTO TSCREENFIELD (OBJECTID,NAME,DESCRIPTION,SORTORDER,COLINDEX,ROWINDEX,COLSPAN,ROWSPAN,LABELHALIGN,LABELVALIGN,VALUEHALIGN,VALUEVALIGN,ISEMPTY,PARENT,FIELDKEY)
VALUES (146, 'Project', NULL, NULL, 1, 0, 1, 1, 3, 2, 3, 2, 'N', 32, 1);

INSERT INTO TSCREENFIELD (OBJECTID,NAME,DESCRIPTION,SORTORDER,COLINDEX,ROWINDEX,COLSPAN,ROWSPAN,LABELHALIGN,LABELVALIGN,VALUEHALIGN,VALUEVALIGN,ISEMPTY,PARENT,FIELDKEY)
VALUES (147, 'IssueType', NULL, NULL, 2, 0, 1, 1, 3, 2, 3, 2, 'N', 32, 2);

INSERT INTO TSCREENFIELD (OBJECTID,NAME,DESCRIPTION,SORTORDER,COLINDEX,ROWINDEX,COLSPAN,ROWSPAN,LABELHALIGN,LABELVALIGN,VALUEHALIGN,VALUEVALIGN,ISEMPTY,PARENT,FIELDKEY)
VALUES (148, 'Status', NULL, NULL, 2, 5, 1, 1, 3, 2, 3, 2, 'N', 30, 4);

INSERT INTO TSCREENFIELD (OBJECTID,NAME,DESCRIPTION,SORTORDER,COLINDEX,ROWINDEX,COLSPAN,ROWSPAN,LABELHALIGN,LABELVALIGN,VALUEHALIGN,VALUEVALIGN,ISEMPTY,PARENT,FIELDKEY)
VALUES (149, 'CreateDate', NULL, NULL, 0, 1, 1, 1, 3, 2, 3, 2, 'N', 37, 14);

INSERT INTO TSCREENFIELD (OBJECTID,NAME,DESCRIPTION,SORTORDER,COLINDEX,ROWINDEX,COLSPAN,ROWSPAN,LABELHALIGN,LABELVALIGN,VALUEHALIGN,VALUEVALIGN,ISEMPTY,PARENT,FIELDKEY)
VALUES (150, 'Originator', NULL, NULL, 0, 2, 1, 1, 3, 2, 3, 2, 'N', 37, 13);

INSERT INTO TSCREENFIELD (OBJECTID,NAME,DESCRIPTION,SORTORDER,COLINDEX,ROWINDEX,COLSPAN,ROWSPAN,LABELHALIGN,LABELVALIGN,VALUEHALIGN,VALUEVALIGN,ISEMPTY,PARENT,FIELDKEY)
VALUES (151, 'Manager', NULL, NULL, 0, 3, 1, 1, 3, 2, 3, 2, 'N', 37, 5);

INSERT INTO TSCREENFIELD (OBJECTID,NAME,DESCRIPTION,SORTORDER,COLINDEX,ROWINDEX,COLSPAN,ROWSPAN,LABELHALIGN,LABELVALIGN,VALUEHALIGN,VALUEVALIGN,ISEMPTY,PARENT,FIELDKEY)
VALUES (152, 'Responsible', NULL, NULL, 0, 4, 1, 1, 3, 2, 3, 2, 'N', 37, 6);

INSERT INTO TSCREENFIELD (OBJECTID,NAME,DESCRIPTION,SORTORDER,COLINDEX,ROWINDEX,COLSPAN,ROWSPAN,LABELHALIGN,LABELVALIGN,VALUEHALIGN,VALUEVALIGN,ISEMPTY,PARENT,FIELDKEY)
VALUES (153, 'Subproject', NULL, NULL, 1, 1, 1, 1, 3, 2, 3, 2, 'N', 37, 3);

INSERT INTO TSCREENFIELD (OBJECTID,NAME,DESCRIPTION,SORTORDER,COLINDEX,ROWINDEX,COLSPAN,ROWSPAN,LABELHALIGN,LABELVALIGN,VALUEHALIGN,VALUEVALIGN,ISEMPTY,PARENT,FIELDKEY)
VALUES (154, 'Class', NULL, NULL, 1, 2, 1, 1, 3, 2, 3, 2, 'N', 37, 7);

INSERT INTO TSCREENFIELD (OBJECTID,NAME,DESCRIPTION,SORTORDER,COLINDEX,ROWINDEX,COLSPAN,ROWSPAN,LABELHALIGN,LABELVALIGN,VALUEHALIGN,VALUEVALIGN,ISEMPTY,PARENT,FIELDKEY)
VALUES (155, 'Release Noticed', NULL, NULL, 1, 3, 1, 1, 3, 2, 3, 2, 'N', 37, 8);

INSERT INTO TSCREENFIELD (OBJECTID,NAME,DESCRIPTION,SORTORDER,COLINDEX,ROWINDEX,COLSPAN,ROWSPAN,LABELHALIGN,LABELVALIGN,VALUEHALIGN,VALUEVALIGN,ISEMPTY,PARENT,FIELDKEY)
VALUES (156, 'Release Scheduled', NULL, NULL, 1, 4, 1, 1, 3, 2, 3, 2, 'N', 37, 9);

INSERT INTO TSCREENFIELD (OBJECTID,NAME,DESCRIPTION,SORTORDER,COLINDEX,ROWINDEX,COLSPAN,ROWSPAN,LABELHALIGN,LABELVALIGN,VALUEHALIGN,VALUEVALIGN,ISEMPTY,PARENT,FIELDKEY)
VALUES (157, 'Build', NULL, NULL, 1, 5, 1, 1, 3, 2, 3, 2, 'N', 37, 18);

INSERT INTO TSCREENFIELD (OBJECTID,NAME,DESCRIPTION,SORTORDER,COLINDEX,ROWINDEX,COLSPAN,ROWSPAN,LABELHALIGN,LABELVALIGN,VALUEHALIGN,VALUEVALIGN,ISEMPTY,PARENT,FIELDKEY)
VALUES (158, 'Priority', NULL, NULL, 2, 1, 1, 1, 3, 2, 3, 2, 'N', 37, 10);

INSERT INTO TSCREENFIELD (OBJECTID,NAME,DESCRIPTION,SORTORDER,COLINDEX,ROWINDEX,COLSPAN,ROWSPAN,LABELHALIGN,LABELVALIGN,VALUEHALIGN,VALUEVALIGN,ISEMPTY,PARENT,FIELDKEY)
VALUES (159, 'Severity', NULL, NULL, 2, 2, 1, 1, 3, 2, 3, 2, 'N', 37, 11);

INSERT INTO TSCREENFIELD (OBJECTID,NAME,DESCRIPTION,SORTORDER,COLINDEX,ROWINDEX,COLSPAN,ROWSPAN,LABELHALIGN,LABELVALIGN,VALUEHALIGN,VALUEVALIGN,ISEMPTY,PARENT,FIELDKEY)
VALUES (160, 'Start Date', NULL, NULL, 2, 3, 1, 1, 3, 2, 3, 2, 'N', 37, 19);

INSERT INTO TSCREENFIELD (OBJECTID,NAME,DESCRIPTION,SORTORDER,COLINDEX,ROWINDEX,COLSPAN,ROWSPAN,LABELHALIGN,LABELVALIGN,VALUEHALIGN,VALUEVALIGN,ISEMPTY,PARENT,FIELDKEY)
VALUES (161, 'End Date', NULL, NULL, 2, 4, 1, 1, 3, 2, 3, 2, 'N', 37, 20);

INSERT INTO TSCREENFIELD (OBJECTID,NAME,DESCRIPTION,SORTORDER,COLINDEX,ROWINDEX,COLSPAN,ROWSPAN,LABELHALIGN,LABELVALIGN,VALUEHALIGN,VALUEVALIGN,ISEMPTY,PARENT,FIELDKEY)
VALUES (162, 'IssueType', NULL, NULL, 2, 0, 1, 1, 3, 2, 3, 2, 'N', 37, 2);

INSERT INTO TSCREENFIELD (OBJECTID,NAME,DESCRIPTION,SORTORDER,COLINDEX,ROWINDEX,COLSPAN,ROWSPAN,LABELHALIGN,LABELVALIGN,VALUEHALIGN,VALUEVALIGN,ISEMPTY,PARENT,FIELDKEY)
VALUES (163, 'Project', NULL, NULL, 1, 0, 1, 1, 3, 2, 3, 2, 'N', 37, 1);

INSERT INTO TSCREENFIELD (OBJECTID,NAME,DESCRIPTION,SORTORDER,COLINDEX,ROWINDEX,COLSPAN,ROWSPAN,LABELHALIGN,LABELVALIGN,VALUEHALIGN,VALUEVALIGN,ISEMPTY,PARENT,FIELDKEY)
VALUES (164, 'Status', NULL, NULL, 2, 5, 1, 1, 3, 2, 3, 2, 'N', 37, 4);

INSERT INTO TSCREENFIELD (OBJECTID,NAME,DESCRIPTION,SORTORDER,COLINDEX,ROWINDEX,COLSPAN,ROWSPAN,LABELHALIGN,LABELVALIGN,VALUEHALIGN,VALUEVALIGN,ISEMPTY,PARENT,FIELDKEY)
VALUES (165, 'Synopsis', NULL, NULL, 0, 0, 1, 1, 3, 2, 3, 2, 'N', 38, 17);

INSERT INTO TSCREENFIELD (OBJECTID,NAME,DESCRIPTION,SORTORDER,COLINDEX,ROWINDEX,COLSPAN,ROWSPAN,LABELHALIGN,LABELVALIGN,VALUEHALIGN,VALUEVALIGN,ISEMPTY,PARENT,FIELDKEY)
VALUES (166, 'Description', NULL, NULL, 0, 1, 1, 1, 3, 2, 3, 2, 'N', 38, 21);

INSERT INTO TSCREENFIELD (OBJECTID,NAME,DESCRIPTION,SORTORDER,COLINDEX,ROWINDEX,COLSPAN,ROWSPAN,LABELHALIGN,LABELVALIGN,VALUEHALIGN,VALUEVALIGN,ISEMPTY,PARENT,FIELDKEY)
VALUES (167, 'SuperiorWorkItem', NULL, NULL, 0, 0, 1, 1, 3, 2, 3, 2, 'N', 39, 16);

INSERT INTO TSCREENFIELD (OBJECTID,NAME,DESCRIPTION,SORTORDER,COLINDEX,ROWINDEX,COLSPAN,ROWSPAN,LABELHALIGN,LABELVALIGN,VALUEHALIGN,VALUEVALIGN,ISEMPTY,PARENT,FIELDKEY)
VALUES (169, 'Manager', NULL, NULL, 1, 1, 1, 1, 3, 2, 3, 2, 'N', 40, 5);

INSERT INTO TSCREENFIELD (OBJECTID,NAME,DESCRIPTION,SORTORDER,COLINDEX,ROWINDEX,COLSPAN,ROWSPAN,LABELHALIGN,LABELVALIGN,VALUEHALIGN,VALUEVALIGN,ISEMPTY,PARENT,FIELDKEY)
VALUES (170, 'Responsible', NULL, NULL, 2, 1, 1, 1, 3, 2, 3, 2, 'N', 40, 6);

INSERT INTO TSCREENFIELD (OBJECTID,NAME,DESCRIPTION,SORTORDER,COLINDEX,ROWINDEX,COLSPAN,ROWSPAN,LABELHALIGN,LABELVALIGN,VALUEHALIGN,VALUEVALIGN,ISEMPTY,PARENT,FIELDKEY)
VALUES (175, 'Status', NULL, NULL, 1, 2, 1, 1, 3, 2, 3, 2, 'N', 40, 4);

INSERT INTO TSCREENFIELD (OBJECTID,NAME,DESCRIPTION,SORTORDER,COLINDEX,ROWINDEX,COLSPAN,ROWSPAN,LABELHALIGN,LABELVALIGN,VALUEHALIGN,VALUEVALIGN,ISEMPTY,PARENT,FIELDKEY)
VALUES (178, 'IssueNo', NULL, NULL, 0, 0, 1, 1, 3, 2, 3, 2, 'N', 40, 12);

INSERT INTO TSCREENFIELD (OBJECTID,NAME,DESCRIPTION,SORTORDER,COLINDEX,ROWINDEX,COLSPAN,ROWSPAN,LABELHALIGN,LABELVALIGN,VALUEHALIGN,VALUEVALIGN,ISEMPTY,PARENT,FIELDKEY)
VALUES (179, 'Synopsis', '', NULL, 1, 0, 2, 1, 3, 2, 3, 2, 'N', 40, 17);

INSERT INTO TSCREENFIELD (OBJECTID,NAME,DESCRIPTION,SORTORDER,COLINDEX,ROWINDEX,COLSPAN,ROWSPAN,LABELHALIGN,LABELVALIGN,VALUEHALIGN,VALUEVALIGN,ISEMPTY,PARENT,FIELDKEY)
VALUES (180, 'CreateDate', NULL, NULL, 0, 1, 1, 1, 3, 2, 3, 2, 'N', 40, 14);

INSERT INTO TSCREENFIELD (OBJECTID,NAME,DESCRIPTION,SORTORDER,COLINDEX,ROWINDEX,COLSPAN,ROWSPAN,LABELHALIGN,LABELVALIGN,VALUEHALIGN,VALUEVALIGN,ISEMPTY,PARENT,FIELDKEY)
VALUES (181, 'Originator', NULL, NULL, 0, 2, 1, 1, 3, 2, 3, 2, 'N', 40, 13);

INSERT INTO TSCREENFIELD (OBJECTID,NAME,DESCRIPTION,SORTORDER,COLINDEX,ROWINDEX,COLSPAN,ROWSPAN,LABELHALIGN,LABELVALIGN,VALUEHALIGN,VALUEVALIGN,ISEMPTY,PARENT,FIELDKEY)
VALUES (182, 'Issue No.', NULL, NULL, 0, 0, 1, 1, 3, 2, 3, 2, 'N', 42, 12);

INSERT INTO TSCREENFIELD (OBJECTID,NAME,DESCRIPTION,SORTORDER,COLINDEX,ROWINDEX,COLSPAN,ROWSPAN,LABELHALIGN,LABELVALIGN,VALUEHALIGN,VALUEVALIGN,ISEMPTY,PARENT,FIELDKEY)
VALUES (183, 'Synopsis', NULL, NULL, 1, 0, 1, 1, 3, 2, 3, 2, 'N', 42, 17);

INSERT INTO TSCREENFIELD (OBJECTID,NAME,DESCRIPTION,SORTORDER,COLINDEX,ROWINDEX,COLSPAN,ROWSPAN,LABELHALIGN,LABELVALIGN,VALUEHALIGN,VALUEVALIGN,ISEMPTY,PARENT,FIELDKEY)
VALUES (184, 'Comment', NULL, NULL, 0, 1, 2, 1, 3, 0, 3, 2, 'N', 42, 23);

INSERT INTO TSCREENFIELD (OBJECTID,NAME,DESCRIPTION,SORTORDER,COLINDEX,ROWINDEX,COLSPAN,ROWSPAN,LABELHALIGN,LABELVALIGN,VALUEHALIGN,VALUEVALIGN,ISEMPTY,PARENT,FIELDKEY)
VALUES (185, 'Comment', '', NULL, 0, 0, 1, 1, 3, 0, 3, 2, 'N', 41, 23);

INSERT INTO TSCREENFIELD (OBJECTID,NAME,DESCRIPTION,SORTORDER,COLINDEX,ROWINDEX,COLSPAN,ROWSPAN,LABELHALIGN,LABELVALIGN,VALUEHALIGN,VALUEVALIGN,ISEMPTY,PARENT,FIELDKEY)
VALUES (186, 'Status', NULL, NULL, 2, 5, 1, 1, 3, 2, 3, 2, 'N', 32, 4);

--default notification filters
INSERT INTO TCLOB (OBJECTID, CLOBVALUE) VALUES (1, '<QUERY><AND id="0" negate="false"></AND></QUERY>');
INSERT INTO TQUERYREPOSITORY (OBJECTID, PERSON, LABEL, QUERYTYPE, REPOSITORYTYPE, QUERYKEY) VALUES(1,1,'Default Filter',2,2,1);
--default notification triggers
INSERT INTO TNOTIFYTRIGGER (OBJECTID, LABEL, PERSON, ISSYSTEM) VALUES (1, 'Full Trigger', 1, 'Y');
INSERT INTO TNOTIFYTRIGGER (OBJECTID, LABEL, PERSON, ISSYSTEM) VALUES (2, 'Empty Trigger', 1, 'Y');
--notify field for new item
INSERT INTO TNOTIFYFIELD (OBJECTID, ACTIONTYPE, FIELDTYPE, NOTIFYTRIGGER, ORIGINATOR, MANAGER, RESPONSIBLE, CONSULTANT, INFORMANT, OBSERVER)
VALUES (1, 1, 1, 1, 'Y', 'Y', 'Y', 'Y', 'Y', 'Y');
--notify field for edit item fields
INSERT INTO TNOTIFYFIELD (OBJECTID, FIELD, ACTIONTYPE, FIELDTYPE, NOTIFYTRIGGER, ORIGINATOR, MANAGER, RESPONSIBLE, CONSULTANT, INFORMANT, OBSERVER)
VALUES (2, 1, 2, 1, 1, 'Y', 'Y', 'Y', 'Y', 'Y', 'Y');
INSERT INTO TNOTIFYFIELD (OBJECTID, FIELD, ACTIONTYPE, FIELDTYPE, NOTIFYTRIGGER, ORIGINATOR, MANAGER, RESPONSIBLE, CONSULTANT, INFORMANT, OBSERVER)
VALUES (3, 2, 2, 1, 1, 'Y', 'Y', 'Y', 'Y', 'Y', 'Y');
INSERT INTO TNOTIFYFIELD (OBJECTID, FIELD, ACTIONTYPE, FIELDTYPE, NOTIFYTRIGGER, ORIGINATOR, MANAGER, RESPONSIBLE, CONSULTANT, INFORMANT, OBSERVER)
VALUES (4, 3, 2, 1, 1, 'Y', 'Y', 'Y', 'Y', 'Y', 'Y');
INSERT INTO TNOTIFYFIELD (OBJECTID, FIELD, ACTIONTYPE, FIELDTYPE, NOTIFYTRIGGER, ORIGINATOR, MANAGER, RESPONSIBLE, CONSULTANT, INFORMANT, OBSERVER)
VALUES (5, 4, 2, 1, 1, 'Y', 'Y', 'Y', 'Y', 'Y', 'Y');
INSERT INTO TNOTIFYFIELD (OBJECTID, FIELD, ACTIONTYPE, FIELDTYPE, NOTIFYTRIGGER, ORIGINATOR, MANAGER, RESPONSIBLE, CONSULTANT, INFORMANT, OBSERVER)
VALUES (6, 5, 2, 1, 1, 'Y', 'Y', 'Y', 'Y', 'Y', 'Y');
INSERT INTO TNOTIFYFIELD (OBJECTID, FIELD, ACTIONTYPE, FIELDTYPE, NOTIFYTRIGGER, ORIGINATOR, MANAGER, RESPONSIBLE, CONSULTANT, INFORMANT, OBSERVER)
VALUES (7, 6, 2, 1, 1, 'Y', 'Y', 'Y', 'Y', 'Y', 'Y');
INSERT INTO TNOTIFYFIELD (OBJECTID, FIELD, ACTIONTYPE, FIELDTYPE, NOTIFYTRIGGER, ORIGINATOR, MANAGER, RESPONSIBLE, CONSULTANT, INFORMANT, OBSERVER)
VALUES (8, 7, 2, 1, 1, 'Y', 'Y', 'Y', 'Y', 'Y', 'Y');
INSERT INTO TNOTIFYFIELD (OBJECTID, FIELD, ACTIONTYPE, FIELDTYPE, NOTIFYTRIGGER, ORIGINATOR, MANAGER, RESPONSIBLE, CONSULTANT, INFORMANT, OBSERVER)
VALUES (9, 8, 2, 1, 1, 'Y', 'Y', 'Y', 'Y', 'Y', 'Y');
INSERT INTO TNOTIFYFIELD (OBJECTID, FIELD, ACTIONTYPE, FIELDTYPE, NOTIFYTRIGGER, ORIGINATOR, MANAGER, RESPONSIBLE, CONSULTANT, INFORMANT, OBSERVER)
VALUES (10, 9, 2, 1, 1, 'Y', 'Y', 'Y', 'Y', 'Y', 'Y');
INSERT INTO TNOTIFYFIELD (OBJECTID, FIELD, ACTIONTYPE, FIELDTYPE, NOTIFYTRIGGER, ORIGINATOR, MANAGER, RESPONSIBLE, CONSULTANT, INFORMANT, OBSERVER)
VALUES (11, 10, 2, 1, 1, 'Y', 'Y', 'Y', 'Y', 'Y', 'Y');
INSERT INTO TNOTIFYFIELD (OBJECTID, FIELD, ACTIONTYPE, FIELDTYPE, NOTIFYTRIGGER, ORIGINATOR, MANAGER, RESPONSIBLE, CONSULTANT, INFORMANT, OBSERVER)
VALUES (12, 11, 2, 1, 1, 'Y', 'Y', 'Y', 'Y', 'Y', 'Y');
INSERT INTO TNOTIFYFIELD (OBJECTID, FIELD, ACTIONTYPE, FIELDTYPE, NOTIFYTRIGGER, ORIGINATOR, MANAGER, RESPONSIBLE, CONSULTANT, INFORMANT, OBSERVER)
VALUES (13, 16, 2, 1, 1, 'Y', 'Y', 'Y', 'Y', 'Y', 'Y');
INSERT INTO TNOTIFYFIELD (OBJECTID, FIELD, ACTIONTYPE, FIELDTYPE, NOTIFYTRIGGER, ORIGINATOR, MANAGER, RESPONSIBLE, CONSULTANT, INFORMANT, OBSERVER)
VALUES (14, 17, 2, 1, 1, 'Y', 'Y', 'Y', 'Y', 'Y', 'Y');
INSERT INTO TNOTIFYFIELD (OBJECTID, FIELD, ACTIONTYPE, FIELDTYPE, NOTIFYTRIGGER, ORIGINATOR, MANAGER, RESPONSIBLE, CONSULTANT, INFORMANT, OBSERVER)
VALUES (15, 18, 2, 1, 1, 'Y', 'Y', 'Y', 'Y', 'Y', 'Y');
INSERT INTO TNOTIFYFIELD (OBJECTID, FIELD, ACTIONTYPE, FIELDTYPE, NOTIFYTRIGGER, ORIGINATOR, MANAGER, RESPONSIBLE, CONSULTANT, INFORMANT, OBSERVER)
VALUES (16, 19, 2, 1, 1, 'Y', 'Y', 'Y', 'Y', 'Y', 'Y');
INSERT INTO TNOTIFYFIELD (OBJECTID, FIELD, ACTIONTYPE, FIELDTYPE, NOTIFYTRIGGER, ORIGINATOR, MANAGER, RESPONSIBLE, CONSULTANT, INFORMANT, OBSERVER)
VALUES (17, 20, 2, 1, 1, 'Y', 'Y', 'Y', 'Y', 'Y', 'Y');
INSERT INTO TNOTIFYFIELD (OBJECTID, FIELD, ACTIONTYPE, FIELDTYPE, NOTIFYTRIGGER, ORIGINATOR, MANAGER, RESPONSIBLE, CONSULTANT, INFORMANT, OBSERVER)
VALUES (18, 21, 2, 1, 1, 'Y', 'Y', 'Y', 'Y', 'Y', 'Y');
INSERT INTO TNOTIFYFIELD (OBJECTID, FIELD, ACTIONTYPE, FIELDTYPE, NOTIFYTRIGGER, ORIGINATOR, MANAGER, RESPONSIBLE, CONSULTANT, INFORMANT, OBSERVER)
VALUES (19, 22, 2, 1, 1, 'Y', 'Y', 'Y', 'Y', 'Y', 'Y');
INSERT INTO TNOTIFYFIELD (OBJECTID, FIELD, ACTIONTYPE, FIELDTYPE, NOTIFYTRIGGER, ORIGINATOR, MANAGER, RESPONSIBLE, CONSULTANT, INFORMANT, OBSERVER)
VALUES (20, 23, 2, 1, 1, 'Y', 'Y', 'Y', 'Y', 'Y', 'Y');
-- notify field for edit budget fields
INSERT INTO TNOTIFYFIELD (OBJECTID, FIELD, ACTIONTYPE, FIELDTYPE, NOTIFYTRIGGER, ORIGINATOR, MANAGER, RESPONSIBLE, CONSULTANT, INFORMANT, OBSERVER)
VALUES (21, 1, 2, 2, 1, 'Y', 'Y', 'Y', 'Y', 'Y', 'Y');
INSERT INTO TNOTIFYFIELD (OBJECTID, FIELD, ACTIONTYPE, FIELDTYPE, NOTIFYTRIGGER, ORIGINATOR, MANAGER, RESPONSIBLE, CONSULTANT, INFORMANT, OBSERVER)
VALUES (22, 2, 2, 2, 1, 'Y', 'Y', 'Y', 'Y', 'Y', 'Y');
-- notify field for edit estimated remaining budget fields
INSERT INTO TNOTIFYFIELD (OBJECTID, FIELD, ACTIONTYPE, FIELDTYPE, NOTIFYTRIGGER, ORIGINATOR, MANAGER, RESPONSIBLE, CONSULTANT, INFORMANT, OBSERVER)
VALUES (23, 1, 2, 3, 1, 'Y', 'Y', 'Y', 'Y', 'Y', 'Y');
INSERT INTO TNOTIFYFIELD (OBJECTID, FIELD, ACTIONTYPE, FIELDTYPE, NOTIFYTRIGGER, ORIGINATOR, MANAGER, RESPONSIBLE, CONSULTANT, INFORMANT, OBSERVER)
VALUES (24, 2, 2, 3, 1, 'Y', 'Y', 'Y', 'Y', 'Y', 'Y');
-- notify field for edit expense fields
INSERT INTO TNOTIFYFIELD (OBJECTID, FIELD, ACTIONTYPE, FIELDTYPE, NOTIFYTRIGGER, ORIGINATOR, MANAGER, RESPONSIBLE, CONSULTANT, INFORMANT, OBSERVER)
VALUES (25, 1, 2, 4, 1, 'Y', 'Y', 'Y', 'Y', 'Y', 'Y');
INSERT INTO TNOTIFYFIELD (OBJECTID, FIELD, ACTIONTYPE, FIELDTYPE, NOTIFYTRIGGER, ORIGINATOR, MANAGER, RESPONSIBLE, CONSULTANT, INFORMANT, OBSERVER)
VALUES (26, 2, 2, 4, 1, 'Y', 'Y', 'Y', 'Y', 'Y', 'Y');


--ExporTemplate
INSERT INTO TEXPORTTEMPLATE (OBJECTID,NAME,EXPORTFORMAT,REPOSITORYTYPE,DESCRIPTION,PROJECT,PERSON,REPORTTYPE) VALUES(1,'Grouped by Release','pdf',2,'Report grouped by release',NULL,1,'Jasper Report');
INSERT INTO TEXPORTTEMPLATE (OBJECTID,NAME,EXPORTFORMAT,REPOSITORYTYPE,DESCRIPTION,PROJECT,PERSON,REPORTTYPE) VALUES(2,'Grouped by Responsible','pdf',2,'Report grouped by responsible',NULL,1,'Jasper Report');
INSERT INTO TEXPORTTEMPLATE (OBJECTID,NAME,EXPORTFORMAT,REPOSITORYTYPE,DESCRIPTION,PROJECT,PERSON,REPORTTYPE) VALUES(3,'Detailed with history','pdf',2,'Detailed report including history',NULL,1,'Jasper Report');
INSERT INTO TEXPORTTEMPLATE (OBJECTID,NAME,EXPORTFORMAT,REPOSITORYTYPE,DESCRIPTION,PROJECT,PERSON,REPORTTYPE) VALUES(4,'Pie Chart: Issues by responsible','pdf',2,'Pie chart: issues by responsible',NULL,1,'Jasper Report');
INSERT INTO TEXPORTTEMPLATE (OBJECTID,NAME,EXPORTFORMAT,REPOSITORYTYPE,DESCRIPTION,PROJECT,PERSON,REPORTTYPE) VALUES(5,'Standard weekly report','pdf',2,'Weekly report w/o history',NULL,1,'Jasper Report');

--Symbols for Issue type
UPDATE TCATEGORY SET SYMBOL='problemReport.gif' WHERE PKEY=1;
UPDATE TCATEGORY SET SYMBOL='requirementChange.gif' WHERE PKEY=2;
UPDATE TCATEGORY SET SYMBOL='implementationError.gif' WHERE PKEY=3;
UPDATE TCATEGORY SET SYMBOL='workPackage.gif' WHERE PKEY=4;
UPDATE TCATEGORY SET SYMBOL='actionItem.gif' WHERE PKEY=5;
UPDATE TCATEGORY SET SYMBOL='milestone.gif' WHERE PKEY=6;
UPDATE TCATEGORY SET SYMBOL='risk.gif' WHERE PKEY=7;
UPDATE TCATEGORY SET SYMBOL='requirements.gif' WHERE PKEY=8;
UPDATE TCATEGORY SET SYMBOL='releaseNotes.gif' WHERE PKEY=9;

--Symbols for TSTATE
UPDATE TSTATE SET SYMBOL='opened.gif' WHERE PKEY=1;
UPDATE TSTATE SET SYMBOL='analyzed.gif' WHERE PKEY=2;
UPDATE TSTATE SET SYMBOL='assigned.gif' WHERE PKEY=3;
UPDATE TSTATE SET SYMBOL='suspended.gif' WHERE PKEY=4;
UPDATE TSTATE SET SYMBOL='processing.gif' WHERE PKEY=5;
UPDATE TSTATE SET SYMBOL='implemented.gif' WHERE PKEY=6;
UPDATE TSTATE SET SYMBOL='integrated.gif' WHERE PKEY=7;
UPDATE TSTATE SET SYMBOL='closed.gif' WHERE PKEY=8;
UPDATE TSTATE SET SYMBOL='assessing.gif' WHERE PKEY=9;

--Symbols for TPRIORITY
UPDATE TPRIORITY SET SYMBOL='occasionally.gif' WHERE PKEY=1;
UPDATE TPRIORITY SET SYMBOL='soon.gif' WHERE PKEY=2;
UPDATE TPRIORITY SET SYMBOL='immediate.gif' WHERE PKEY=3;

-- Symbols for severities
UPDATE TSEVERITY SET SYMBOL='minor.gif' WHERE PKEY=1;
UPDATE TSEVERITY SET SYMBOL='major.gif' WHERE PKEY=2;
UPDATE TSEVERITY SET SYMBOL='blocker.gif' WHERE PKEY=3;

commit;

